[INFO] [launch]: All log files can be found below /home/plsh/.ros/log/2026-08-30-15-15-02-816739-Jade-206508
[INFO] [launch]: Default logging verbosity is set to INFO
[INFO] [gz-1]: process started with pid [206524]
[INFO] [robot_state_publisher-2]: process started with pid [206525]
[INFO] [create-3]: process started with pid [206526]
[INFO] [parameter_bridge-4]: process started with pid [206527]
[INFO] [move_group-5]: process started with pid [206528]
[robot_state_publisher-2] [INFO] [1788083103.257036907] [robot_state_publisher]: Robot initialized
[create-3] [INFO] [1788083103.280631629] [ros_gz_sim]: Requesting list of world names.
[parameter_bridge-4] [INFO] [1788083103.307174116] [ros_gz_bridge]: Creating GZ->ROS Bridge: [/clock (gz.msgs.Clock) -> /clock (rosgraph_msgs/msg/Clock)] (Lazy 0)
[move_group-5] [INFO] [1788083103.337245939] [move_group.moveit.moveit.ros.rdf_loader]: Loaded robot model in 0 seconds
[move_group-5] [INFO] [1788083103.337387205] [move_group.moveit.moveit.core.robot_model]: Loading robot model 'arm'...
[move_group-5] [INFO] [1788083103.337406260] [move_group.moveit.moveit.core.robot_model]: No root/virtual joint specified in SRDF. Assuming fixed joint
[move_group-5] [WARN] [1788083103.337505747] [move_group.moveit.moveit.core.robot_model]: Link base_upper_link has visual geometry but no collision geometry. Collision geometry will be left empty. Fix your URDF file by explicitly specifying collision geometry.
[move_group-5] [WARN] [1788083103.337530454] [move_group.moveit.moveit.core.robot_model]: Link forearm_wrist_link has visual geometry but no collision geometry. Collision geometry will be left empty. Fix your URDF file by explicitly specifying collision geometry.
[move_group-5] [WARN] [1788083103.337577762] [move_group.moveit.moveit.core.robot_model]: Link wrist_gripper_link has visual geometry but no collision geometry. Collision geometry will be left empty. Fix your URDF file by explicitly specifying collision geometry.
[move_group-5] [WARN] [1788083103.337603861] [move_group.moveit.moveit.core.robot_model]: Link upper_forearm_link has visual geometry but no collision geometry. Collision geometry will be left empty. Fix your URDF file by explicitly specifying collision geometry.
[move_group-5] [INFO] [1788083103.342067793] [move_group.moveit.moveit.kinematics.kdl_kinematics_plugin]: Joint weights for group 'arm': 1 1 1 1 1 1
[move_group-5] [INFO] [1788083103.359995745] [move_group.moveit.moveit.ros.moveit_cpp]: Listening to 'joint_states' for joint states
[move_group-5] [INFO] [1788083103.362299300] [move_group.moveit.moveit.ros.current_state_monitor]: Listening to joint states on topic 'joint_states'
[move_group-5] [INFO] [1788083103.375271507] [move_group.moveit.moveit.ros.planning_scene_monitor]: Listening to '/attached_collision_object' for attached collision objects
[move_group-5] [INFO] [1788083103.377717329] [move_group.moveit.moveit.ros.planning_scene_monitor]: Publishing maintained planning scene on 'monitored_planning_scene'
[move_group-5] [INFO] [1788083103.377966447] [move_group.moveit.moveit.ros.planning_scene_monitor]: Starting planning scene monitor
[move_group-5] [INFO] [1788083103.378743085] [move_group.moveit.moveit.ros.planning_scene_monitor]: Listening to '/planning_scene'
[move_group-5] [INFO] [1788083103.378776358] [move_group.moveit.moveit.ros.planning_scene_monitor]: Starting world geometry update monitor for collision objects, attached objects, octomap updates.
[move_group-5] [INFO] [1788083103.379606637] [move_group.moveit.moveit.ros.planning_scene_monitor]: Listening to 'collision_object'
[move_group-5] [INFO] [1788083103.380577700] [move_group.moveit.moveit.ros.planning_scene_monitor]: Listening to 'planning_scene_world' for planning scene world geometry
[move_group-5] [WARN] [1788083103.381010753] [move_group.moveit.moveit.ros.occupancy_map_monitor]: Resolution not specified for Octomap. Assuming resolution = 0.1 instead
[move_group-5] [ERROR] [1788083103.381046791] [move_group.moveit.moveit.ros.occupancy_map_monitor]: No 3D sensor plugin(s) defined for octomap updates
[move_group-5] [INFO] [1788083103.403253356] [move_group.moveit.moveit.ros.planning_pipeline]: Successfully loaded planner 'OMPL'
[move_group-5] [INFO] [1788083103.405640859] [move_group]: Try loading adapter 'default_planning_request_adapters/ResolveConstraintFrames'
[move_group-5] [INFO] [1788083103.407301256] [move_group]: Loaded adapter 'default_planning_request_adapters/ResolveConstraintFrames'
[move_group-5] [INFO] [1788083103.407332866] [move_group]: Try loading adapter 'default_planning_request_adapters/ValidateWorkspaceBounds'
[move_group-5] [INFO] [1788083103.407550585] [move_group]: Loaded adapter 'default_planning_request_adapters/ValidateWorkspaceBounds'
[move_group-5] [INFO] [1788083103.407587835] [move_group]: Try loading adapter 'default_planning_request_adapters/CheckStartStateBounds'
[move_group-5] [INFO] [1788083103.407678485] [move_group]: Loaded adapter 'default_planning_request_adapters/CheckStartStateBounds'
[move_group-5] [INFO] [1788083103.410234805] [move_group]: Try loading adapter 'default_planning_response_adapters/AddTimeOptimalParameterization'
[move_group-5] [INFO] [1788083103.413600184] [move_group]: Loaded adapter 'default_planning_response_adapters/AddTimeOptimalParameterization'
[move_group-5] [INFO] [1788083103.413657511] [move_group]: Try loading adapter 'default_planning_response_adapters/DisplayMotionPath'
[move_group-5] [INFO] [1788083103.414739763] [move_group]: Loaded adapter 'default_planning_response_adapters/DisplayMotionPath'
[move_group-5] [INFO] [1788083103.446645089] [move_group.moveit.moveit.plugins.simple_controller_manager]: Added FollowJointTrajectory controller for arm_controller
[move_group-5] [INFO] [1788083103.450115756] [move_group.moveit.moveit.plugins.simple_controller_manager]: Added FollowJointTrajectory controller for gripper_controller
[move_group-5] [INFO] [1788083103.450370705] [move_group.moveit.moveit.plugins.simple_controller_manager]: Returned 2 controllers in list
[move_group-5] [INFO] [1788083103.450411251] [move_group.moveit.moveit.plugins.simple_controller_manager]: Returned 2 controllers in list
[move_group-5] [INFO] [1788083103.451272949] [move_group.moveit.moveit.ros.trajectory_execution_manager]: Trajectory execution is not managing controllers
[move_group-5] [INFO] [1788083103.451323494] [move_group]: MoveGroup debug mode is ON
[move_group-5] [INFO] [1788083103.490223884] [move_group.moveit.moveit.ros.move_group.executable]: 
[move_group-5] 
[move_group-5] ********************************************************
[move_group-5] * MoveGroup using: 
[move_group-5] *     - apply_planning_scene_service
[move_group-5] *     - clear_octomap_service
[move_group-5] *     - get_group_urdf
[move_group-5] *     - load_geometry_from_file
[move_group-5] *     - CartesianPathService
[move_group-5] *     - execute_trajectory_action
[move_group-5] *     - get_planning_scene_service
[move_group-5] *     - kinematics_service
[move_group-5] *     - move_action
[move_group-5] *     - motion_plan_service
[move_group-5] *     - query_planners_service
[move_group-5] *     - state_validation_service
[move_group-5] *     - save_geometry_to_file
[move_group-5] ********************************************************
[move_group-5] 
[move_group-5] [INFO] [1788083103.490328640] [move_group.moveit.moveit.ros.move_group.context]: MoveGroup context using pipeline ompl
[move_group-5] [INFO] [1788083103.490361021] [move_group.moveit.moveit.ros.move_group.context]: MoveGroup context initialization complete
[move_group-5] [96mLoading 'move_group/ApplyPlanningSceneService'...[0m
[move_group-5] [96mLoading 'move_group/ClearOctomapService'...[0m
[move_group-5] [96mLoading 'move_group/GetUrdfService'...[0m
[move_group-5] [96mLoading 'move_group/LoadGeometryFromFileService'...[0m
[move_group-5] [96mLoading 'move_group/MoveGroupCartesianPathService'...[0m
[move_group-5] [96mLoading 'move_group/MoveGroupExecuteTrajectoryAction'...[0m
[move_group-5] [96mLoading 'move_group/MoveGroupGetPlanningSceneService'...[0m
[move_group-5] [96mLoading 'move_group/MoveGroupKinematicsService'...[0m
[move_group-5] [96mLoading 'move_group/MoveGroupMoveAction'...[0m
[move_group-5] [96mLoading 'move_group/MoveGroupPlanService'...[0m
[move_group-5] [96mLoading 'move_group/MoveGroupQueryPlannersService'...[0m
[move_group-5] [96mLoading 'move_group/MoveGroupStateValidationService'...[0m
[move_group-5] [96mLoading 'move_group/SaveGeometryToFileService'...[0m
[move_group-5] 
[move_group-5] [92mYou can start planning now![0m
[move_group-5] 
[gz-1] [1;33mWarning [Utils.cc:132][0m [/sdf/world[@name="warehouse"]/model[@name="table"]/link[@name="link"]/visual[@name="visual"]/material[@name="grey"][@name="grey"]:/home/plsh/robotic_arm/install/robotic_4dof_arm/share/robotic_4dof_arm/worlds/warehouse.sdf:L93]: XML Attribute[name] in element[material] not defined in SDF.
[gz-1] [1;33mWarning [Utils.cc:132][0m [/sdf/world[@name="warehouse"]/model[@name="target_box"]/link[@name="link"]/visual[@name="visual"]/material[@name="grey"][@name="grey"]:/home/plsh/robotic_arm/install/robotic_4dof_arm/share/robotic_4dof_arm/worlds/warehouse.sdf:L146]: XML Attribute[name] in element[material] not defined in SDF.
[gz-1] [1;33mWarning [Utils.cc:132][0m [/sdf/world[@name="warehouse"]/model[@name="obstacle"]/link[@name="link"]/visual[@name="visual"]/material[@name="grey"][@name="grey"]:/home/plsh/robotic_arm/install/robotic_4dof_arm/share/robotic_4dof_arm/worlds/warehouse.sdf:L172]: XML Attribute[name] in element[material] not defined in SDF.
[gz-1] [1;33mWarning [Utils.cc:132][0m [/sdf/world[@name="warehouse"]/model[@name="table"]/link[@name="link"]/visual[@name="visual"]/material[@name="grey"][@name="grey"]:/home/plsh/robotic_arm/install/robotic_4dof_arm/share/robotic_4dof_arm/worlds/warehouse.sdf:L93]: XML Attribute[name] in element[material] not defined in SDF.
[gz-1] [1;33mWarning [Utils.cc:132][0m [/sdf/world[@name="warehouse"]/model[@name="target_box"]/link[@name="link"]/visual[@name="visual"]/material[@name="grey"][@name="grey"]:/home/plsh/robotic_arm/install/robotic_4dof_arm/share/robotic_4dof_arm/worlds/warehouse.sdf:L146]: XML Attribute[name] in element[material] not defined in SDF.
[gz-1] [1;33mWarning [Utils.cc:132][0m [/sdf/world[@name="warehouse"]/model[@name="obstacle"]/link[@name="link"]/visual[@name="visual"]/material[@name="grey"][@name="grey"]:/home/plsh/robotic_arm/install/robotic_4dof_arm/share/robotic_4dof_arm/worlds/warehouse.sdf:L172]: XML Attribute[name] in element[material] not defined in SDF.
[create-3] [INFO] [1788083105.734389975] [ros_gz_sim]: Waiting messages on topic [robot_description].
[create-3] [INFO] [1788083105.937595318] [ros_gz_sim]: Entity creation successful.
[INFO] [create-3]: process has finished cleanly [pid 206526]
[gz-1] [INFO] [1788083106.207694000] [gz_ros_control]: Loading controller_manager
[gz-1] [INFO] [1788083106.240081351] [controller_manager]: Using ROS clock for triggering controller manager cycles.
[gz-1] [WARN] [1788083106.240140232] [controller_manager]: The resource manager is not yet initialized, will wait for the robot description to initialize it..
[gz-1] [INFO] [1788083106.260664308] [controller_manager]: Subscribing to '/robot_description' topic for robot description.
[gz-1] [WARN] [1788083106.260751883] [gz_ros_control]: Waiting RM to load and initialize hardware...
[gz-1] [INFO] [1788083106.628439831] [controller_manager]: Received robot description from topic.
[gz-1] [INFO] [1788083106.628587909] [controller_manager]: Enforcing command limits is enabled...
[gz-1] [INFO] [1788083106.633166636] [gz_ros_control]: Using JointLimiter for joint 'right_prong_joint' in hardware 'arm_system' : '  has position limits: true [0, 0.08]
[gz-1]   has velocity limits: true [1]
[gz-1]   has acceleration limits: false [nan]
[gz-1]   has deceleration limits: false [nan]
[gz-1]   has jerk limits: false [nan]
[gz-1]   has effort limits: true [10]
[gz-1]   angle wraparound: false'
[gz-1] [INFO] [1788083106.633213835] [gz_ros_control]: Creating JointSaturationLimiter for joint 'right_prong_joint' in hardware 'arm_system'
[gz-1] [INFO] [1788083106.633257397] [gz_ros_control]: Using JointLimiter for joint 'gripper_baseTOwrist_joint' in hardware 'arm_system' : '  has position limits: true [-3.14, 3.14]
[gz-1]   has velocity limits: true [3.14]
[gz-1]   has acceleration limits: false [nan]
[gz-1]   has deceleration limits: false [nan]
[gz-1]   has jerk limits: false [nan]
[gz-1]   has effort limits: true [28]
[gz-1]   angle wraparound: false'
[gz-1] [INFO] [1788083106.633274739] [gz_ros_control]: Creating JointSaturationLimiter for joint 'gripper_baseTOwrist_joint' in hardware 'arm_system'
[gz-1] [INFO] [1788083106.633289407] [gz_ros_control]: Using JointLimiter for joint 'wrist_joint' in hardware 'arm_system' : '  has position limits: true [-3.14, 3.14]
[gz-1]   has velocity limits: true [3.14]
[gz-1]   has acceleration limits: false [nan]
[gz-1]   has deceleration limits: false [nan]
[gz-1]   has jerk limits: false [nan]
[gz-1]   has effort limits: true [28]
[gz-1]   angle wraparound: false'
[gz-1] [INFO] [1788083106.633299285] [gz_ros_control]: Creating JointSaturationLimiter for joint 'wrist_joint' in hardware 'arm_system'
[gz-1] [INFO] [1788083106.633312229] [gz_ros_control]: Using JointLimiter for joint 'gripper_base_joint' in hardware 'arm_system' : '  has position limits: true [-3.14, 3.14]
[gz-1]   has velocity limits: true [3.14]
[gz-1]   has acceleration limits: false [nan]
[gz-1]   has deceleration limits: false [nan]
[gz-1]   has jerk limits: false [nan]
[gz-1]   has effort limits: true [28]
[gz-1]   angle wraparound: false'
[gz-1] [INFO] [1788083106.633321968] [gz_ros_control]: Creating JointSaturationLimiter for joint 'gripper_base_joint' in hardware 'arm_system'
[gz-1] [INFO] [1788083106.633334812] [gz_ros_control]: Using JointLimiter for joint 'forearm_joint' in hardware 'arm_system' : '  has position limits: true [-3.14, 3.14]
[gz-1]   has velocity limits: true [3.14]
[gz-1]   has acceleration limits: false [nan]
[gz-1]   has deceleration limits: false [nan]
[gz-1]   has jerk limits: false [nan]
[gz-1]   has effort limits: true [150]
[gz-1]   angle wraparound: false'
[gz-1] [INFO] [1788083106.633344189] [gz_ros_control]: Creating JointSaturationLimiter for joint 'forearm_joint' in hardware 'arm_system'
[gz-1] [INFO] [1788083106.633357244] [gz_ros_control]: Using JointLimiter for joint 'left_prong_joint' in hardware 'arm_system' : '  has position limits: true [-0.08, 0]
[gz-1]   has velocity limits: true [1]
[gz-1]   has acceleration limits: false [nan]
[gz-1]   has deceleration limits: false [nan]
[gz-1]   has jerk limits: false [nan]
[gz-1]   has effort limits: true [10]
[gz-1]   angle wraparound: false'
[gz-1] [INFO] [1788083106.633366922] [gz_ros_control]: Creating JointSaturationLimiter for joint 'left_prong_joint' in hardware 'arm_system'
[gz-1] [INFO] [1788083106.633379796] [gz_ros_control]: Using JointLimiter for joint 'upper_arm_joint' in hardware 'arm_system' : '  has position limits: true [-3.14, 3.14]
[gz-1]   has velocity limits: true [3.14]
[gz-1]   has acceleration limits: false [nan]
[gz-1]   has deceleration limits: false [nan]
[gz-1]   has jerk limits: false [nan]
[gz-1]   has effort limits: true [150]
[gz-1]   angle wraparound: false'
[gz-1] [INFO] [1788083106.633419721] [gz_ros_control]: Creating JointSaturationLimiter for joint 'upper_arm_joint' in hardware 'arm_system'
[gz-1] [INFO] [1788083106.633435170] [gz_ros_control]: Using JointLimiter for joint 'arm_base_joint' in hardware 'arm_system' : '  has position limits: true [-3.14, 3.14]
[gz-1]   has velocity limits: true [3.14]
[gz-1]   has acceleration limits: false [nan]
[gz-1]   has deceleration limits: false [nan]
[gz-1]   has jerk limits: false [nan]
[gz-1]   has effort limits: true [150]
[gz-1]   angle wraparound: false'
[gz-1] [INFO] [1788083106.633449818] [gz_ros_control]: Creating JointSaturationLimiter for joint 'arm_base_joint' in hardware 'arm_system'
[gz-1] [INFO] [1788083106.641151799] [gz_ros_control]: The position_proportional_gain has been set to: 0.1
[gz-1] [INFO] [1788083106.641252578] [gz_ros_control]: Loading joint: arm_base_joint
[gz-1] [INFO] [1788083106.641277796] [gz_ros_control]: 	State:
[gz-1] [INFO] [1788083106.641295559] [gz_ros_control]: 		 position
[gz-1] [INFO] [1788083106.641312701] [gz_ros_control]: 		 velocity
[gz-1] [INFO] [1788083106.641326557] [gz_ros_control]: 	Command:
[gz-1] [INFO] [1788083106.641338169] [gz_ros_control]: 		 position
[gz-1] [INFO] [1788083106.641370640] [gz_ros_control]: Loading joint: upper_arm_joint
[gz-1] [INFO] [1788083106.641383554] [gz_ros_control]: 	State:
[gz-1] [INFO] [1788083106.641394405] [gz_ros_control]: 		 position
[gz-1] [INFO] [1788083106.641436113] [gz_ros_control]: 			 found initial value: 1.570000
[gz-1] [INFO] [1788083106.641455459] [gz_ros_control]: 		 velocity
[gz-1] [INFO] [1788083106.641468153] [gz_ros_control]: 	Command:
[gz-1] [INFO] [1788083106.641478422] [gz_ros_control]: 		 position
[gz-1] [INFO] [1788083106.641506365] [gz_ros_control]: Loading joint: forearm_joint
[gz-1] [INFO] [1788083106.641520902] [gz_ros_control]: 	State:
[gz-1] [INFO] [1788083106.641532143] [gz_ros_control]: 		 position
[gz-1] [INFO] [1788083106.641544967] [gz_ros_control]: 			 found initial value: -1.570000
[gz-1] [INFO] [1788083106.641571888] [gz_ros_control]: 		 velocity
[gz-1] [INFO] [1788083106.641585433] [gz_ros_control]: 	Command:
[gz-1] [INFO] [1788083106.641597686] [gz_ros_control]: 		 position
[gz-1] [INFO] [1788083106.641627873] [gz_ros_control]: Loading joint: wrist_joint
[gz-1] [INFO] [1788083106.641643773] [gz_ros_control]: 	State:
[gz-1] [INFO] [1788083106.641655435] [gz_ros_control]: 		 position
[gz-1] [INFO] [1788083106.641666205] [gz_ros_control]: 			 found initial value: -1.570000
[gz-1] [INFO] [1788083106.641675593] [gz_ros_control]: 		 velocity
[gz-1] [INFO] [1788083106.641683167] [gz_ros_control]: 	Command:
[gz-1] [INFO] [1788083106.641689990] [gz_ros_control]: 		 position
[gz-1] [INFO] [1788083106.641707653] [gz_ros_control]: Loading joint: gripper_baseTOwrist_joint
[gz-1] [INFO] [1788083106.641715948] [gz_ros_control]: 	State:
[gz-1] [INFO] [1788083106.641722932] [gz_ros_control]: 		 position
[gz-1] [INFO] [1788083106.641730155] [gz_ros_control]: 		 velocity
[gz-1] [INFO] [1788083106.641737449] [gz_ros_control]: 	Command:
[gz-1] [INFO] [1788083106.641743851] [gz_ros_control]: 		 position
[gz-1] [INFO] [1788083106.641765552] [gz_ros_control]: Loading joint: gripper_base_joint
[gz-1] [INFO] [1788083106.641773446] [gz_ros_control]: 	State:
[gz-1] [INFO] [1788083106.641780500] [gz_ros_control]: 		 position
[gz-1] [INFO] [1788083106.641787603] [gz_ros_control]: 		 velocity
[gz-1] [INFO] [1788083106.641794436] [gz_ros_control]: 	Command:
[gz-1] [INFO] [1788083106.641800998] [gz_ros_control]: 		 position
[gz-1] [INFO] [1788083106.641816998] [gz_ros_control]: Loading joint: right_prong_joint
[gz-1] [INFO] [1788083106.641824352] [gz_ros_control]: 	State:
[gz-1] [INFO] [1788083106.641831545] [gz_ros_control]: 		 position
[gz-1] [INFO] [1788083106.641838719] [gz_ros_control]: 		 velocity
[gz-1] [INFO] [1788083106.641846173] [gz_ros_control]: 	Command:
[gz-1] [INFO] [1788083106.641857705] [gz_ros_control]: 		 position
[gz-1] [INFO] [1788083106.641881810] [gz_ros_control]: Loading joint: left_prong_joint
[gz-1] [INFO] [1788083106.641893512] [gz_ros_control]: 	State:
[gz-1] [INFO] [1788083106.641900405] [gz_ros_control]: 		 position
[gz-1] [INFO] [1788083106.641913189] [gz_ros_control]: 		 velocity
[gz-1] [INFO] [1788083106.641926434] [gz_ros_control]: 	Command:
[gz-1] [INFO] [1788083106.641939248] [gz_ros_control]: 		 position
[gz-1] [INFO] [1788083106.642138832] [gz_ros_control]: Initialize hardware 'arm_system' 
[gz-1] [INFO] [1788083106.655785446] [gz_ros_control]: Successful initialization of hardware 'arm_system'
[gz-1] [INFO] [1788083106.656259656] [controller_manager]: Activating component 'arm_system'.
[gz-1] [INFO] [1788083106.656295353] [resource_manager]: 'configure' hardware 'arm_system' 
[gz-1] [INFO] [1788083106.656308688] [gz_ros_control]: System Successfully configured!
[gz-1] [INFO] [1788083106.656319999] [resource_manager]: Successful 'configure' of hardware 'arm_system'
[gz-1] [INFO] [1788083106.656353532] [resource_manager]: 'activate' hardware 'arm_system' 
[gz-1] [INFO] [1788083106.656385803] [resource_manager]: Successful 'activate' of hardware 'arm_system'
[gz-1] [WARN] [1788083106.656543729] [controller_manager]: Component 'arm_system' does not have read or write statistics initialized, skipping registration.
[gz-1] [INFO] [1788083106.656571171] [controller_manager]: Resource Manager has been successfully initialized. Starting Controller Manager services...
[INFO] [spawner-6]: process started with pid [206807]
[gz-1] [WARN] [1788083108.276070726] [gz_ros_control]:  Desired controller update period (0.01 s) is slower than the gazebo simulation period (0.001 s).
[spawner-6] [INFO] [1788083109.111666738] [spawner_joint_state_broadcaster]: waiting for service /controller_manager/list_controllers to become available...
[gz-1] [INFO] [1788083109.368573561] [controller_manager]: Loading controller : 'joint_state_broadcaster' of type 'joint_state_broadcaster/JointStateBroadcaster'
[gz-1] [INFO] [1788083109.368660114] [controller_manager]: Loading controller 'joint_state_broadcaster'
[gz-1] [INFO] [1788083109.374501471] [controller_manager]: Controller 'joint_state_broadcaster' node arguments: '--ros-args --param use_sim_time:=true'
[spawner-6] [INFO] [1788083109.404003745] [spawner_joint_state_broadcaster]: Loaded joint_state_broadcaster
[gz-1] [INFO] [1788083109.406884735] [controller_manager]: Configuring controller: 'joint_state_broadcaster'
[gz-1] [INFO] [1788083109.407450327] [joint_state_broadcaster]: 'joints' or 'interfaces' parameter is empty. Will try to publish all available state interfaces of the URDF joints.
[gz-1] [INFO] [1788083109.425632606] [controller_manager]: Activating controllers: [ joint_state_broadcaster ]
[gz-1] [INFO] [1788083109.431822128] [controller_manager]: Requested controller switch from non-realtime loop
[gz-1] [INFO] [1788083109.432130577] [controller_manager]: Successfully switched controllers!
[spawner-6] [INFO] [1788083109.444370098] [spawner_joint_state_broadcaster]: Configured and activated joint_state_broadcaster
[INFO] [spawner-6]: process has finished cleanly [pid 206807]
[INFO] [spawner-7]: process started with pid [206853]
[INFO] [spawner-8]: process started with pid [206854]
[spawner-8] [INFO] [1788083111.167732698] [spawner_gripper_controller]: waiting for service /controller_manager/list_controllers to become available...
[spawner-8] [INFO] [1788083111.237194802] [spawner_gripper_controller]: Setting controller param "params_file" to "['/home/plsh/robotic_arm/install/robotic_4dof_arm/share/robotic_4dof_arm/config/controllers.yaml']" for gripper_controller
[spawner-8] [INFO] [1788083111.245750426] [spawner_gripper_controller]: waiting for service /controller_manager/load_controller to become available...
[gz-1] [INFO] [1788083111.746750313] [controller_manager]: Loading controller : 'gripper_controller' of type 'joint_trajectory_controller/JointTrajectoryController'
[gz-1] [INFO] [1788083111.746832718] [controller_manager]: Loading controller 'gripper_controller'
[gz-1] [INFO] [1788083111.756810542] [controller_manager]: Controller 'gripper_controller' node arguments: '--ros-args --params-file /home/plsh/robotic_arm/install/robotic_4dof_arm/share/robotic_4dof_arm/config/controllers.yaml --param use_sim_time:=true'
[spawner-8] [INFO] [1788083111.782573516] [spawner_gripper_controller]: Loaded gripper_controller
[gz-1] [INFO] [1788083111.784598558] [controller_manager]: Configuring controller: 'gripper_controller'
[gz-1] [INFO] [1788083111.784850601] [gripper_controller]: No specific joint names are used for command interfaces. Using 'joints' parameter.
[gz-1] [INFO] [1788083111.784967220] [gripper_controller]: Command interfaces are [position] and state interfaces are [position velocity].
[gz-1] [INFO] [1788083111.785124195] [gripper_controller]: Using 'splines' interpolation method.
[gz-1] [INFO] [1788083111.803473117] [gripper_controller]: Action status changes will be monitored at 20.00 Hz.
[gz-1] [INFO] [1788083111.818356723] [gripper_controller]: Setting initial scaling factor to 1.000000
[gz-1] [INFO] [1788083111.818406296] [gripper_controller]: No scaling interface set. This controller will not read speed scaling from the hardware.
[gz-1] [INFO] [1788083111.824381345] [controller_manager]: Activating controllers: [ gripper_controller ]
[gz-1] [INFO] [1788083111.830123486] [controller_manager]: Requested controller switch from non-realtime loop
[gz-1] [INFO] [1788083111.830481989] [controller_manager]: Successfully switched controllers!
[spawner-8] [INFO] [1788083111.842364761] [spawner_gripper_controller]: Configured and activated gripper_controller
[spawner-7] [INFO] [1788083112.023022527] [spawner_arm_controller]: waiting for service /controller_manager/list_controllers to become available...
[spawner-7] [INFO] [1788083112.093652223] [spawner_arm_controller]: Setting controller param "params_file" to "['/home/plsh/robotic_arm/install/robotic_4dof_arm/share/robotic_4dof_arm/config/controllers.yaml']" for arm_controller
[spawner-7] [INFO] [1788083112.107661668] [spawner_arm_controller]: waiting for service /controller_manager/load_controller to become available...
[INFO] [spawner-8]: process has finished cleanly [pid 206854]
[gz-1] [INFO] [1788083112.358536966] [controller_manager]: Loading controller : 'arm_controller' of type 'joint_trajectory_controller/JointTrajectoryController'
[gz-1] [INFO] [1788083112.358648846] [controller_manager]: Loading controller 'arm_controller'
[gz-1] [INFO] [1788083112.358903364] [controller_manager]: Controller 'arm_controller' node arguments: '--ros-args --params-file /home/plsh/robotic_arm/install/robotic_4dof_arm/share/robotic_4dof_arm/config/controllers.yaml --param use_sim_time:=true'
[spawner-7] [INFO] [1788083112.397634777] [spawner_arm_controller]: Loaded arm_controller
[gz-1] [INFO] [1788083112.400605515] [controller_manager]: Configuring controller: 'arm_controller'
[gz-1] [INFO] [1788083112.401030443] [arm_controller]: No specific joint names are used for command interfaces. Using 'joints' parameter.
[gz-1] [INFO] [1788083112.401081759] [arm_controller]: Command interfaces are [position] and state interfaces are [position velocity].
[gz-1] [INFO] [1788083112.401107387] [arm_controller]: Using 'splines' interpolation method.
[gz-1] [INFO] [1788083112.403041148] [arm_controller]: Action status changes will be monitored at 20.00 Hz.
[gz-1] [INFO] [1788083112.412669537] [arm_controller]: Setting initial scaling factor to 1.000000
[gz-1] [INFO] [1788083112.412729629] [arm_controller]: No scaling interface set. This controller will not read speed scaling from the hardware.
[gz-1] [INFO] [1788083112.417417862] [controller_manager]: Activating controllers: [ arm_controller ]
[gz-1] [INFO] [1788083112.425049972] [controller_manager]: Requested controller switch from non-realtime loop
[gz-1] [INFO] [1788083112.425498845] [controller_manager]: Successfully switched controllers!
[spawner-7] [INFO] [1788083112.437187101] [spawner_arm_controller]: Configured and activated arm_controller
[INFO] [spawner-7]: process has finished cleanly [pid 206853]
[move_group-5] [INFO] [1788083120.759914811] [move_group.moveit.moveit.ros.planning_scene_monitor]: Published update collision object
[move_group-5] [INFO] [1788083120.861954643] [move_group.moveit.moveit.ros.planning_scene_monitor]: Published update collision object
[move_group-5] [INFO] [1788083120.964157061] [move_group.moveit.moveit.ros.planning_scene_monitor]: Published update collision object
[move_group-5] [INFO] [1788083122.071444887] [move_group.moveit.moveit.ros.move_group.move_action]: MoveGroupMoveAction: Received request
[move_group-5] [INFO] [1788083122.072226123] [move_group.moveit.moveit.ros.move_group.move_action]: executing..
[move_group-5] [INFO] [1788083122.073667991] [move_group.moveit.moveit.ros.move_group.move_action]: Combined planning and execution request received for MoveGroup action. Forwarding to planning and execution pipeline.
[move_group-5] [WARN] [1788083122.073770543] [move_group.moveit.moveit.ros.move_group.capability]: Execution of motions should always start at the robot's current state. Ignoring the state supplied as difference in the planning scene diff
[move_group-5] [INFO] [1788083122.073813925] [move_group.moveit.moveit.ros.plan_execution]: Planning attempt 1 of at most 1
[move_group-5] [INFO] [1788083122.073902040] [move_group.moveit.moveit.ros.move_group.capability]: Using planning pipeline 'ompl'
[move_group-5] [INFO] [1788083122.074529498] [move_group]: Calling PlanningRequestAdapter 'ResolveConstraintFrames'
[move_group-5] [INFO] [1788083122.074630398] [move_group]: Calling PlanningRequestAdapter 'ValidateWorkspaceBounds'
[move_group-5] [WARN] [1788083122.074644885] [move_group.moveit.moveit.ros.validate_workspace_bounds]: It looks like the planning volume was not specified. Using default values.
[move_group-5] [INFO] [1788083122.074670232] [move_group]: Calling PlanningRequestAdapter 'CheckStartStateBounds'
[move_group-5] [INFO] [1788083122.075851320] [move_group.moveit.moveit.planners.ompl.model_based_planning_context]: Planner configuration 'arm[RRTConnectkConfigDefault]' will use planner 'geometric::RRTConnect'. Additional configuration parameters will be set when the planner is constructed.
[move_group-5] [INFO] [1788083122.076196308] [move_group]: Calling Planner 'OMPL'
[move_group-5] [INFO] [1788083122.089587802] [move_group]: Calling PlanningResponseAdapter 'AddTimeOptimalParameterization'
[move_group-5] [INFO] [1788083122.090470650] [move_group]: Calling PlanningResponseAdapter 'DisplayMotionPath'
[move_group-5] [INFO] [1788083122.090809827] [move_group.moveit.moveit.plugins.simple_controller_manager]: Returned 2 controllers in list
[move_group-5] [INFO] [1788083122.090875911] [move_group.moveit.moveit.plugins.simple_controller_manager]: Returned 2 controllers in list
[move_group-5] [INFO] [1788083122.091064054] [move_group.moveit.moveit.ros.trajectory_execution_manager]: Validating trajectory with allowed_start_tolerance 0.1
[move_group-5] [INFO] [1788083122.093548529] [move_group.moveit.moveit.ros.trajectory_execution_manager]: Starting trajectory execution ...
[move_group-5] [INFO] [1788083122.093661862] [move_group.moveit.moveit.plugins.simple_controller_manager]: Returned 2 controllers in list
[move_group-5] [INFO] [1788083122.093694964] [move_group.moveit.moveit.plugins.simple_controller_manager]: Returned 2 controllers in list
[move_group-5] [INFO] [1788083122.093921018] [moveit.simple_controller_manager.follow_joint_trajectory_controller_handle]: sending trajectory to arm_controller
[gz-1] [INFO] [1788083122.094895648] [arm_controller]: Received new action goal
[gz-1] [INFO] [1788083122.094980207] [arm_controller]: Accepted new action goal
[move_group-5] [INFO] [1788083122.095397180] [moveit.simple_controller_manager.follow_joint_trajectory_controller_handle]: arm_controller started execution
[move_group-5] [INFO] [1788083122.095431815] [moveit.simple_controller_manager.follow_joint_trajectory_controller_handle]: Goal request accepted!
[gz-1] [INFO] [1788083122.756259308] [arm_controller]: Goal reached, success!
[move_group-5] [INFO] [1788083122.795937739] [moveit.simple_controller_manager.follow_joint_trajectory_controller_handle]: Controller 'arm_controller' successfully finished
[move_group-5] [INFO] [1788083122.796451784] [move_group.moveit.moveit.ros.trajectory_execution_manager]: Completed trajectory execution with status SUCCEEDED ...
[move_group-5] [INFO] [1788083122.803711675] [move_group.moveit.moveit.ros.move_group.move_action]: Solution was found and executed.
[move_group-5] [WARN] [1788083122.803968868] [rclcpp_action]: publish_feedback() called on a goal handle not in executing state, ignoring
[gz-1] [INFO] [1788083123.309870810] [gripper_controller]: Received new action goal
[gz-1] [INFO] [1788083123.309913360] [gripper_controller]: Accepted new action goal
[gz-1] [INFO] [1788083124.810898459] [gripper_controller]: Goal reached, success!
[move_group-5] [INFO] [1788083125.365478982] [move_group.moveit.moveit.ros.move_group.move_action]: MoveGroupMoveAction: Received request
[move_group-5] [INFO] [1788083125.365866860] [move_group.moveit.moveit.ros.move_group.move_action]: executing..
[move_group-5] [INFO] [1788083125.371218859] [move_group.moveit.moveit.ros.move_group.move_action]: Combined planning and execution request received for MoveGroup action. Forwarding to planning and execution pipeline.
[move_group-5] [WARN] [1788083125.371293730] [move_group.moveit.moveit.ros.move_group.capability]: Execution of motions should always start at the robot's current state. Ignoring the state supplied as difference in the planning scene diff
[move_group-5] [INFO] [1788083125.371314679] [move_group.moveit.moveit.ros.plan_execution]: Planning attempt 1 of at most 1
[move_group-5] [INFO] [1788083125.371391714] [move_group.moveit.moveit.ros.move_group.capability]: Using planning pipeline 'ompl'
[move_group-5] [INFO] [1788083125.371616867] [move_group]: Calling PlanningRequestAdapter 'ResolveConstraintFrames'
[move_group-5] [INFO] [1788083125.371660789] [move_group]: Calling PlanningRequestAdapter 'ValidateWorkspaceBounds'
[move_group-5] [WARN] [1788083125.371673663] [move_group.moveit.moveit.ros.validate_workspace_bounds]: It looks like the planning volume was not specified. Using default values.
[move_group-5] [INFO] [1788083125.371705513] [move_group]: Calling PlanningRequestAdapter 'CheckStartStateBounds'
[move_group-5] [INFO] [1788083125.372387213] [move_group.moveit.moveit.planners.ompl.model_based_planning_context]: Planner configuration 'arm[RRTConnectkConfigDefault]' will use planner 'geometric::RRTConnect'. Additional configuration parameters will be set when the planner is constructed.
[move_group-5] [INFO] [1788083125.372586908] [move_group]: Calling Planner 'OMPL'
[move_group-5] [INFO] [1788083125.389819975] [move_group]: Calling PlanningResponseAdapter 'AddTimeOptimalParameterization'
[move_group-5] [INFO] [1788083125.394808652] [move_group]: Calling PlanningResponseAdapter 'DisplayMotionPath'
[move_group-5] [INFO] [1788083125.395218481] [move_group.moveit.moveit.plugins.simple_controller_manager]: Returned 2 controllers in list
[move_group-5] [INFO] [1788083125.395277973] [move_group.moveit.moveit.plugins.simple_controller_manager]: Returned 2 controllers in list
[move_group-5] [INFO] [1788083125.395460155] [move_group.moveit.moveit.ros.trajectory_execution_manager]: Validating trajectory with allowed_start_tolerance 0.1
[move_group-5] [INFO] [1788083125.401289701] [move_group.moveit.moveit.ros.trajectory_execution_manager]: Starting trajectory execution ...
[move_group-5] [INFO] [1788083125.401470099] [move_group.moveit.moveit.plugins.simple_controller_manager]: Returned 2 controllers in list
[move_group-5] [INFO] [1788083125.401509493] [move_group.moveit.moveit.plugins.simple_controller_manager]: Returned 2 controllers in list
[move_group-5] [INFO] [1788083125.401803275] [moveit.simple_controller_manager.follow_joint_trajectory_controller_handle]: sending trajectory to arm_controller
[gz-1] [INFO] [1788083125.402502678] [arm_controller]: Received new action goal
[gz-1] [INFO] [1788083125.402577839] [arm_controller]: Accepted new action goal
[move_group-5] [INFO] [1788083125.402777324] [moveit.simple_controller_manager.follow_joint_trajectory_controller_handle]: arm_controller started execution
[move_group-5] [INFO] [1788083125.402803253] [moveit.simple_controller_manager.follow_joint_trajectory_controller_handle]: Goal request accepted!
[gz-1] [INFO] [1788083130.692996318] [arm_controller]: Goal reached, success!
[move_group-5] [INFO] [1788083130.703446821] [moveit.simple_controller_manager.follow_joint_trajectory_controller_handle]: Controller 'arm_controller' successfully finished
[move_group-5] [INFO] [1788083130.703610618] [move_group.moveit.moveit.ros.trajectory_execution_manager]: Completed trajectory execution with status SUCCEEDED ...
[move_group-5] [INFO] [1788083130.711494521] [move_group.moveit.moveit.ros.move_group.move_action]: Solution was found and executed.
[move_group-5] [WARN] [1788083130.711710416] [rclcpp_action]: publish_feedback() called on a goal handle not in executing state, ignoring
[move_group-5] [INFO] [1788083131.218189201] [move_group.moveit.moveit.ros.move_group.move_action]: MoveGroupMoveAction: Received request
[move_group-5] [INFO] [1788083131.218493222] [move_group.moveit.moveit.ros.move_group.move_action]: executing..
[move_group-5] [INFO] [1788083131.223320185] [move_group.moveit.moveit.ros.move_group.move_action]: Combined planning and execution request received for MoveGroup action. Forwarding to planning and execution pipeline.
[move_group-5] [WARN] [1788083131.223401728] [move_group.moveit.moveit.ros.move_group.capability]: Execution of motions should always start at the robot's current state. Ignoring the state supplied as difference in the planning scene diff
[move_group-5] [INFO] [1788083131.223428398] [move_group.moveit.moveit.ros.plan_execution]: Planning attempt 1 of at most 1
[move_group-5] [INFO] [1788083131.223487098] [move_group.moveit.moveit.ros.move_group.capability]: Using planning pipeline 'ompl'
[move_group-5] [INFO] [1788083131.223692224] [move_group]: Calling PlanningRequestAdapter 'ResolveConstraintFrames'
[move_group-5] [INFO] [1788083131.223728752] [move_group]: Calling PlanningRequestAdapter 'ValidateWorkspaceBounds'
[move_group-5] [WARN] [1788083131.223739733] [move_group.moveit.moveit.ros.validate_workspace_bounds]: It looks like the planning volume was not specified. Using default values.
[move_group-5] [INFO] [1788083131.223772434] [move_group]: Calling PlanningRequestAdapter 'CheckStartStateBounds'
[move_group-5] [INFO] [1788083131.224163448] [move_group.moveit.moveit.planners.ompl.model_based_planning_context]: Planner configuration 'arm[RRTConnectkConfigDefault]' will use planner 'geometric::RRTConnect'. Additional configuration parameters will be set when the planner is constructed.
[move_group-5] [INFO] [1788083131.224309563] [move_group]: Calling Planner 'OMPL'
[move_group-5] [INFO] [1788083131.242062185] [move_group]: Calling PlanningResponseAdapter 'AddTimeOptimalParameterization'
[move_group-5] [INFO] [1788083131.242971844] [move_group]: Calling PlanningResponseAdapter 'DisplayMotionPath'
[move_group-5] [INFO] [1788083131.243177500] [move_group.moveit.moveit.plugins.simple_controller_manager]: Returned 2 controllers in list
[move_group-5] [INFO] [1788083131.243237462] [move_group.moveit.moveit.plugins.simple_controller_manager]: Returned 2 controllers in list
[move_group-5] [INFO] [1788083131.243334124] [move_group.moveit.moveit.ros.trajectory_execution_manager]: Validating trajectory with allowed_start_tolerance 0.1
[move_group-5] [INFO] [1788083131.243478315] [move_group.moveit.moveit.ros.trajectory_execution_manager]: Starting trajectory execution ...
[move_group-5] [INFO] [1788083131.243532396] [move_group.moveit.moveit.plugins.simple_controller_manager]: Returned 2 controllers in list
[move_group-5] [INFO] [1788083131.243588231] [move_group.moveit.moveit.plugins.simple_controller_manager]: Returned 2 controllers in list
[move_group-5] [INFO] [1788083131.243709098] [moveit.simple_controller_manager.follow_joint_trajectory_controller_handle]: sending trajectory to arm_controller
[gz-1] [INFO] [1788083131.244161808] [arm_controller]: Received new action goal
[gz-1] [INFO] [1788083131.244212012] [arm_controller]: Accepted new action goal
[move_group-5] [INFO] [1788083131.244416566] [moveit.simple_controller_manager.follow_joint_trajectory_controller_handle]: arm_controller started execution
[move_group-5] [INFO] [1788083131.244434901] [moveit.simple_controller_manager.follow_joint_trajectory_controller_handle]: Goal request accepted!
[gz-1] [INFO] [1788083133.215933536] [arm_controller]: Goal reached, success!
[move_group-5] [INFO] [1788083133.244822488] [moveit.simple_controller_manager.follow_joint_trajectory_controller_handle]: Controller 'arm_controller' successfully finished
[move_group-5] [INFO] [1788083133.246475422] [move_group.moveit.moveit.ros.trajectory_execution_manager]: Completed trajectory execution with status SUCCEEDED ...
[move_group-5] [INFO] [1788083133.253708613] [move_group.moveit.moveit.ros.move_group.move_action]: Solution was found and executed.
[move_group-5] [WARN] [1788083133.254030718] [rclcpp_action]: publish_feedback() called on a goal handle not in executing state, ignoring
[gz-1] [INFO] [1788083133.759206766] [gripper_controller]: Received new action goal
[gz-1] [INFO] [1788083133.759250358] [gripper_controller]: Accepted new action goal
[gz-1] [INFO] [1788083135.254596951] [gripper_controller]: Goal reached, success!
[move_group-5] [INFO] [1788083135.761388112] [move_group.moveit.moveit.ros.planning_scene_monitor]: Published update attached
[move_group-5] [INFO] [1788083136.465715151] [move_group.moveit.moveit.ros.move_group.move_action]: MoveGroupMoveAction: Received request
[move_group-5] [INFO] [1788083136.465952747] [move_group.moveit.moveit.ros.move_group.move_action]: executing..
[move_group-5] [INFO] [1788083136.474740748] [move_group.moveit.moveit.ros.move_group.move_action]: Combined planning and execution request received for MoveGroup action. Forwarding to planning and execution pipeline.
[move_group-5] [WARN] [1788083136.474835636] [move_group.moveit.moveit.ros.move_group.capability]: Execution of motions should always start at the robot's current state. Ignoring the state supplied as difference in the planning scene diff
[move_group-5] [INFO] [1788083136.474850544] [move_group.moveit.moveit.ros.plan_execution]: Planning attempt 1 of at most 1
[move_group-5] [INFO] [1788083136.474914033] [move_group.moveit.moveit.ros.move_group.capability]: Using planning pipeline 'ompl'
[move_group-5] [INFO] [1788083136.475084523] [move_group]: Calling PlanningRequestAdapter 'ResolveConstraintFrames'
[move_group-5] [INFO] [1788083136.475132353] [move_group]: Calling PlanningRequestAdapter 'ValidateWorkspaceBounds'
[move_group-5] [WARN] [1788083136.475148213] [move_group.moveit.moveit.ros.validate_workspace_bounds]: It looks like the planning volume was not specified. Using default values.
[move_group-5] [INFO] [1788083136.475179602] [move_group]: Calling PlanningRequestAdapter 'CheckStartStateBounds'
[move_group-5] [INFO] [1788083136.475553574] [move_group.moveit.moveit.planners.ompl.model_based_planning_context]: Planner configuration 'arm[RRTConnectkConfigDefault]' will use planner 'geometric::RRTConnect'. Additional configuration parameters will be set when the planner is constructed.
[move_group-5] [INFO] [1788083136.475682606] [move_group]: Calling Planner 'OMPL'
[move_group-5] [INFO] [1788083136.480410874] [move_group]: Calling PlanningResponseAdapter 'AddTimeOptimalParameterization'
[move_group-5] [INFO] [1788083136.481719391] [move_group]: Calling PlanningResponseAdapter 'DisplayMotionPath'
[move_group-5] [INFO] [1788083136.481894399] [move_group.moveit.moveit.plugins.simple_controller_manager]: Returned 2 controllers in list
[move_group-5] [INFO] [1788083136.481922743] [move_group.moveit.moveit.plugins.simple_controller_manager]: Returned 2 controllers in list
[move_group-5] [INFO] [1788083136.482010828] [move_group.moveit.moveit.ros.trajectory_execution_manager]: Validating trajectory with allowed_start_tolerance 0.1
[move_group-5] [INFO] [1788083136.484851071] [move_group.moveit.moveit.ros.trajectory_execution_manager]: Starting trajectory execution ...
[move_group-5] [INFO] [1788083136.484952191] [move_group.moveit.moveit.plugins.simple_controller_manager]: Returned 2 controllers in list
[move_group-5] [INFO] [1788083136.484986966] [move_group.moveit.moveit.plugins.simple_controller_manager]: Returned 2 controllers in list
[move_group-5] [INFO] [1788083136.485118914] [moveit.simple_controller_manager.follow_joint_trajectory_controller_handle]: sending trajectory to arm_controller
[gz-1] [INFO] [1788083136.485684396] [arm_controller]: Received new action goal
[gz-1] [INFO] [1788083136.485748817] [arm_controller]: Accepted new action goal
[move_group-5] [INFO] [1788083136.485942590] [moveit.simple_controller_manager.follow_joint_trajectory_controller_handle]: arm_controller started execution
[move_group-5] [INFO] [1788083136.485963199] [moveit.simple_controller_manager.follow_joint_trajectory_controller_handle]: Goal request accepted!
[gz-1] [INFO] [1788083139.255591008] [arm_controller]: Goal reached, success!
[move_group-5] [INFO] [1788083139.286530781] [moveit.simple_controller_manager.follow_joint_trajectory_controller_handle]: Controller 'arm_controller' successfully finished
[move_group-5] [INFO] [1788083139.295987667] [move_group.moveit.moveit.ros.trajectory_execution_manager]: Completed trajectory execution with status SUCCEEDED ...
[move_group-5] [INFO] [1788083139.305091972] [move_group.moveit.moveit.ros.move_group.move_action]: Solution was found and executed.
[move_group-5] [WARN] [1788083139.305332734] [rclcpp_action]: publish_feedback() called on a goal handle not in executing state, ignoring
[move_group-5] [INFO] [1788083139.812485053] [move_group.moveit.moveit.ros.move_group.move_action]: MoveGroupMoveAction: Received request
[move_group-5] [INFO] [1788083139.812909721] [move_group.moveit.moveit.ros.move_group.move_action]: executing..
[move_group-5] [INFO] [1788083139.815982490] [move_group.moveit.moveit.ros.move_group.move_action]: Combined planning and execution request received for MoveGroup action. Forwarding to planning and execution pipeline.
[move_group-5] [WARN] [1788083139.816076717] [move_group.moveit.moveit.ros.move_group.capability]: Execution of motions should always start at the robot's current state. Ignoring the state supplied as difference in the planning scene diff
[move_group-5] [INFO] [1788083139.816092446] [move_group.moveit.moveit.ros.plan_execution]: Planning attempt 1 of at most 1
[move_group-5] [INFO] [1788083139.816152890] [move_group.moveit.moveit.ros.move_group.capability]: Using planning pipeline 'ompl'
[move_group-5] [INFO] [1788083139.816454757] [move_group]: Calling PlanningRequestAdapter 'ResolveConstraintFrames'
[move_group-5] [INFO] [1788083139.816535098] [move_group]: Calling PlanningRequestAdapter 'ValidateWorkspaceBounds'
[move_group-5] [WARN] [1788083139.816585192] [move_group.moveit.moveit.ros.validate_workspace_bounds]: It looks like the planning volume was not specified. Using default values.
[move_group-5] [INFO] [1788083139.816616971] [move_group]: Calling PlanningRequestAdapter 'CheckStartStateBounds'
[move_group-5] [INFO] [1788083139.817137709] [move_group.moveit.moveit.planners.ompl.model_based_planning_context]: Planner configuration 'arm[RRTConnectkConfigDefault]' will use planner 'geometric::RRTConnect'. Additional configuration parameters will be set when the planner is constructed.
[move_group-5] [INFO] [1788083139.817294363] [move_group]: Calling Planner 'OMPL'
[move_group-5] [INFO] [1788083139.837120389] [move_group]: Calling PlanningResponseAdapter 'AddTimeOptimalParameterization'
[move_group-5] [INFO] [1788083139.844857436] [move_group]: Calling PlanningResponseAdapter 'DisplayMotionPath'
[move_group-5] [INFO] [1788083139.845291351] [move_group.moveit.moveit.plugins.simple_controller_manager]: Returned 2 controllers in list
[move_group-5] [INFO] [1788083139.845349460] [move_group.moveit.moveit.plugins.simple_controller_manager]: Returned 2 controllers in list
[move_group-5] [INFO] [1788083139.845538856] [move_group.moveit.moveit.ros.trajectory_execution_manager]: Validating trajectory with allowed_start_tolerance 0.1
[move_group-5] [INFO] [1788083139.845970536] [move_group.moveit.moveit.ros.trajectory_execution_manager]: Starting trajectory execution ...
[move_group-5] [INFO] [1788083139.846036660] [move_group.moveit.moveit.plugins.simple_controller_manager]: Returned 2 controllers in list
[move_group-5] [INFO] [1788083139.846089419] [move_group.moveit.moveit.plugins.simple_controller_manager]: Returned 2 controllers in list
[move_group-5] [INFO] [1788083139.846263797] [moveit.simple_controller_manager.follow_joint_trajectory_controller_handle]: sending trajectory to arm_controller
[gz-1] [INFO] [1788083139.846915961] [arm_controller]: Received new action goal
[gz-1] [INFO] [1788083139.846989419] [arm_controller]: Accepted new action goal
[move_group-5] [INFO] [1788083139.847345227] [moveit.simple_controller_manager.follow_joint_trajectory_controller_handle]: arm_controller started execution
[move_group-5] [INFO] [1788083139.847366247] [moveit.simple_controller_manager.follow_joint_trajectory_controller_handle]: Goal request accepted!
[gz-1] [INFO] [1788083147.624672512] [arm_controller]: Goal reached, success!
[move_group-5] [INFO] [1788083147.647685121] [moveit.simple_controller_manager.follow_joint_trajectory_controller_handle]: Controller 'arm_controller' successfully finished
[move_group-5] [INFO] [1788083147.655058405] [move_group.moveit.moveit.ros.trajectory_execution_manager]: Completed trajectory execution with status SUCCEEDED ...
[move_group-5] [INFO] [1788083147.656287022] [move_group.moveit.moveit.ros.move_group.move_action]: Solution was found and executed.
[move_group-5] [WARN] [1788083147.656512716] [rclcpp_action]: publish_feedback() called on a goal handle not in executing state, ignoring
[move_group-5] [INFO] [1788083148.165270420] [move_group.moveit.moveit.ros.move_group.move_action]: MoveGroupMoveAction: Received request
[move_group-5] [INFO] [1788083148.165746664] [move_group.moveit.moveit.ros.move_group.move_action]: executing..
[move_group-5] [INFO] [1788083148.175096790] [move_group.moveit.moveit.ros.move_group.move_action]: Combined planning and execution request received for MoveGroup action. Forwarding to planning and execution pipeline.
[move_group-5] [WARN] [1788083148.175236833] [move_group.moveit.moveit.ros.move_group.capability]: Execution of motions should always start at the robot's current state. Ignoring the state supplied as difference in the planning scene diff
[move_group-5] [INFO] [1788083148.175267310] [move_group.moveit.moveit.ros.plan_execution]: Planning attempt 1 of at most 1
[move_group-5] [INFO] [1788083148.175360014] [move_group.moveit.moveit.ros.move_group.capability]: Using planning pipeline 'ompl'
[move_group-5] [INFO] [1788083148.175736481] [move_group]: Calling PlanningRequestAdapter 'ResolveConstraintFrames'
[move_group-5] [INFO] [1788083148.175789551] [move_group]: Calling PlanningRequestAdapter 'ValidateWorkspaceBounds'
[move_group-5] [WARN] [1788083148.175805891] [move_group.moveit.moveit.ros.validate_workspace_bounds]: It looks like the planning volume was not specified. Using default values.
[move_group-5] [INFO] [1788083148.175839434] [move_group]: Calling PlanningRequestAdapter 'CheckStartStateBounds'
[move_group-5] [INFO] [1788083148.176455912] [move_group.moveit.moveit.planners.ompl.model_based_planning_context]: Planner configuration 'arm[RRTConnectkConfigDefault]' will use planner 'geometric::RRTConnect'. Additional configuration parameters will be set when the planner is constructed.
[move_group-5] [INFO] [1788083148.176621062] [move_group]: Calling Planner 'OMPL'
[move_group-5] [INFO] [1788083148.192323535] [move_group]: Calling PlanningResponseAdapter 'AddTimeOptimalParameterization'
[move_group-5] [INFO] [1788083148.193431475] [move_group]: Calling PlanningResponseAdapter 'DisplayMotionPath'
[move_group-5] [INFO] [1788083148.193668821] [move_group.moveit.moveit.plugins.simple_controller_manager]: Returned 2 controllers in list
[move_group-5] [INFO] [1788083148.193724836] [move_group.moveit.moveit.plugins.simple_controller_manager]: Returned 2 controllers in list
[move_group-5] [INFO] [1788083148.193876812] [move_group.moveit.moveit.ros.trajectory_execution_manager]: Validating trajectory with allowed_start_tolerance 0.1
[move_group-5] [INFO] [1788083148.194923046] [move_group.moveit.moveit.ros.trajectory_execution_manager]: Starting trajectory execution ...
[move_group-5] [INFO] [1788083148.194978340] [move_group.moveit.moveit.plugins.simple_controller_manager]: Returned 2 controllers in list
[move_group-5] [INFO] [1788083148.195008977] [move_group.moveit.moveit.plugins.simple_controller_manager]: Returned 2 controllers in list
[move_group-5] [INFO] [1788083148.195111630] [moveit.simple_controller_manager.follow_joint_trajectory_controller_handle]: sending trajectory to arm_controller
[gz-1] [INFO] [1788083148.195388139] [arm_controller]: Received new action goal
[gz-1] [INFO] [1788083148.195430078] [arm_controller]: Accepted new action goal
[move_group-5] [INFO] [1788083148.195728408] [moveit.simple_controller_manager.follow_joint_trajectory_controller_handle]: arm_controller started execution
[move_group-5] [INFO] [1788083148.195747975] [moveit.simple_controller_manager.follow_joint_trajectory_controller_handle]: Goal request accepted!
[gz-1] [INFO] [1788083150.304603534] [arm_controller]: Goal reached, success!
[move_group-5] [INFO] [1788083150.345862473] [moveit.simple_controller_manager.follow_joint_trajectory_controller_handle]: Controller 'arm_controller' successfully finished
[move_group-5] [INFO] [1788083150.355051717] [move_group.moveit.moveit.ros.trajectory_execution_manager]: Completed trajectory execution with status SUCCEEDED ...
[move_group-5] [INFO] [1788083150.365268951] [move_group.moveit.moveit.ros.move_group.move_action]: Solution was found and executed.
[move_group-5] [WARN] [1788083150.365547113] [rclcpp_action]: publish_feedback() called on a goal handle not in executing state, ignoring
[gz-1] [INFO] [1788083150.870880297] [gripper_controller]: Received new action goal
[gz-1] [INFO] [1788083150.870940640] [gripper_controller]: Accepted new action goal
[gz-1] [INFO] [1788083152.371777842] [gripper_controller]: Goal reached, success!
[move_group-5] [INFO] [1788083152.923175999] [move_group.moveit.moveit.ros.planning_scene_monitor]: Published update attached
[move_group-5] [INFO] [1788083153.025048587] [move_group.moveit.moveit.ros.planning_scene_monitor]: Published update collision object
[move_group-5] [INFO] [1788083153.632326354] [move_group.moveit.moveit.ros.move_group.move_action]: MoveGroupMoveAction: Received request
[move_group-5] [INFO] [1788083153.632674026] [move_group.moveit.moveit.ros.move_group.move_action]: executing..
[move_group-5] [INFO] [1788083153.638952024] [move_group.moveit.moveit.ros.move_group.move_action]: Combined planning and execution request received for MoveGroup action. Forwarding to planning and execution pipeline.
[move_group-5] [WARN] [1788083153.639090344] [move_group.moveit.moveit.ros.move_group.capability]: Execution of motions should always start at the robot's current state. Ignoring the state supplied as difference in the planning scene diff
[move_group-5] [INFO] [1788083153.639125219] [move_group.moveit.moveit.ros.plan_execution]: Planning attempt 1 of at most 1
[move_group-5] [INFO] [1788083153.639221650] [move_group.moveit.moveit.ros.move_group.capability]: Using planning pipeline 'ompl'
[move_group-5] [INFO] [1788083153.639540930] [move_group]: Calling PlanningRequestAdapter 'ResolveConstraintFrames'
[move_group-5] [INFO] [1788083153.639617183] [move_group]: Calling PlanningRequestAdapter 'ValidateWorkspaceBounds'
[move_group-5] [WARN] [1788083153.639656807] [move_group.moveit.moveit.ros.validate_workspace_bounds]: It looks like the planning volume was not specified. Using default values.
[move_group-5] [INFO] [1788083153.639680602] [move_group]: Calling PlanningRequestAdapter 'CheckStartStateBounds'
[move_group-5] [INFO] [1788083153.640286890] [move_group.moveit.moveit.planners.ompl.model_based_planning_context]: Planner configuration 'arm[RRTConnectkConfigDefault]' will use planner 'geometric::RRTConnect'. Additional configuration parameters will be set when the planner is constructed.
[move_group-5] [INFO] [1788083153.640448083] [move_group]: Calling Planner 'OMPL'
[move_group-5] [WARN] [1788083153.640838747] [move_group.moveit.moveit.planners.ompl.planner_manager]: ./src/ompl/base/src/Planner.cpp:248 - arm/arm[RRTConnectkConfigDefault]: Skipping invalid start state (invalid state)
[move_group-5] [WARN] [1788083153.640960195] [move_group.moveit.moveit.planners.ompl.planner_manager]: ./src/ompl/base/src/Planner.cpp:248 - arm/arm[RRTConnectkConfigDefault]: Skipping invalid start state (invalid state)
[move_group-5] [WARN] [1788083153.641075321] [move_group.moveit.moveit.planners.ompl.planner_manager]: ./src/ompl/base/src/Planner.cpp:248 - arm/arm[RRTConnectkConfigDefault]: Skipping invalid start state (invalid state)
[move_group-5] [ERROR] [1788083153.641183294] [move_group.moveit.moveit.planners.ompl.planner_manager]: ./src/ompl/geometric/planners/rrt/src/RRTConnect.cpp:219 - arm/arm[RRTConnectkConfigDefault]: Motion planning start tree could not be initialized!
[move_group-5] [ERROR] [1788083153.641372288] [move_group.moveit.moveit.planners.ompl.planner_manager]: ./src/ompl/geometric/planners/rrt/src/RRTConnect.cpp:219 - arm/arm[RRTConnectkConfigDefault]: Motion planning start tree could not be initialized!
[move_group-5] [ERROR] [1788083153.641442570] [move_group.moveit.moveit.planners.ompl.planner_manager]: ./src/ompl/geometric/planners/rrt/src/RRTConnect.cpp:219 - arm/arm[RRTConnectkConfigDefault]: Motion planning start tree could not be initialized!
[move_group-5] [WARN] [1788083153.641548519] [move_group.moveit.moveit.planners.ompl.planner_manager]: ./src/ompl/base/src/Planner.cpp:248 - arm/arm[RRTConnectkConfigDefault]: Skipping invalid start state (invalid state)
[move_group-5] [ERROR] [1788083153.641630052] [move_group.moveit.moveit.planners.ompl.planner_manager]: ./src/ompl/geometric/planners/rrt/src/RRTConnect.cpp:219 - arm/arm[RRTConnectkConfigDefault]: Motion planning start tree could not be initialized!
[move_group-5] [WARN] [1788083153.641697068] [move_group.moveit.moveit.planners.ompl.planner_manager]: ./src/ompl/tools/multiplan/src/ParallelPlan.cpp:134 - ParallelPlan::solve(): Unable to find solution by any of the threads in 0.001092 seconds
[move_group-5] [WARN] [1788083153.641884069] [move_group.moveit.moveit.planners.ompl.planner_manager]: ./src/ompl/base/src/Planner.cpp:248 - arm/arm[RRTConnectkConfigDefault]: Skipping invalid start state (invalid state)
[move_group-5] [ERROR] [1788083153.641932550] [move_group.moveit.moveit.planners.ompl.planner_manager]: ./src/ompl/geometric/planners/rrt/src/RRTConnect.cpp:219 - arm/arm[RRTConnectkConfigDefault]: Motion planning start tree could not be initialized!
[move_group-5] [WARN] [1788083153.641991842] [move_group.moveit.moveit.planners.ompl.planner_manager]: ./src/ompl/tools/multiplan/src/ParallelPlan.cpp:134 - ParallelPlan::solve(): Unable to find solution by any of the threads in 0.000215 seconds
[move_group-5] [ERROR] [1788083153.642484917] [move_group.moveit.moveit.planners.ompl.model_based_planning_context]: Unable to solve the planning problem
[move_group-5] [ERROR] [1788083153.642618278] [move_group]: Planner 'OMPL' failed with error code FAILURE
[move_group-5] [INFO] [1788083153.642672790] [move_group.moveit.moveit.ros.move_group.move_action]: FAILURE
[move_group-5] [WARN] [1788083153.642811931] [rclcpp_action]: publish_feedback() called on a goal handle not in executing state, ignoring
[move_group-5] [INFO] [1788083153.646989185] [move_group.moveit.moveit.ros.move_group.move_action]: MoveGroupMoveAction: Received request
[move_group-5] [INFO] [1788083153.647256286] [move_group.moveit.moveit.ros.move_group.move_action]: executing..
[move_group-5] [INFO] [1788083153.648986415] [move_group.moveit.moveit.ros.move_group.move_action]: Combined planning and execution request received for MoveGroup action. Forwarding to planning and execution pipeline.
[move_group-5] [WARN] [1788083153.649049453] [move_group.moveit.moveit.ros.move_group.capability]: Execution of motions should always start at the robot's current state. Ignoring the state supplied as difference in the planning scene diff
[move_group-5] [INFO] [1788083153.649072036] [move_group.moveit.moveit.ros.plan_execution]: Planning attempt 1 of at most 1
[move_group-5] [INFO] [1788083153.649139332] [move_group.moveit.moveit.ros.move_group.capability]: Using planning pipeline 'ompl'
[move_group-5] [INFO] [1788083153.649423916] [move_group]: Calling PlanningRequestAdapter 'ResolveConstraintFrames'
[move_group-5] [INFO] [1788083153.649517622] [move_group]: Calling PlanningRequestAdapter 'ValidateWorkspaceBounds'
[move_group-5] [WARN] [1788083153.649536608] [move_group.moveit.moveit.ros.validate_workspace_bounds]: It looks like the planning volume was not specified. Using default values.
[move_group-5] [INFO] [1788083153.649594887] [move_group]: Calling PlanningRequestAdapter 'CheckStartStateBounds'
[move_group-5] [INFO] [1788083153.650088965] [move_group.moveit.moveit.planners.ompl.model_based_planning_context]: Planner configuration 'arm[RRTConnectkConfigDefault]' will use planner 'geometric::RRTConnect'. Additional configuration parameters will be set when the planner is constructed.
[move_group-5] [INFO] [1788083153.650218869] [move_group]: Calling Planner 'OMPL'
[move_group-5] [WARN] [1788083153.650481893] [move_group.moveit.moveit.planners.ompl.planner_manager]: ./src/ompl/base/src/Planner.cpp:248 - arm/arm[RRTConnectkConfigDefault]: Skipping invalid start state (invalid state)
[move_group-5] [WARN] [1788083153.650580358] [move_group.moveit.moveit.planners.ompl.planner_manager]: ./src/ompl/base/src/Planner.cpp:248 - arm/arm[RRTConnectkConfigDefault]: Skipping invalid start state (invalid state)
[move_group-5] [WARN] [1788083153.650705252] [move_group.moveit.moveit.planners.ompl.planner_manager]: ./src/ompl/base/src/Planner.cpp:248 - arm/arm[RRTConnectkConfigDefault]: Skipping invalid start state (invalid state)
[move_group-5] [ERROR] [1788083153.650771527] [move_group.moveit.moveit.planners.ompl.planner_manager]: ./src/ompl/geometric/planners/rrt/src/RRTConnect.cpp:219 - arm/arm[RRTConnectkConfigDefault]: Motion planning start tree could not be initialized!
[move_group-5] [ERROR] [1788083153.650845596] [move_group.moveit.moveit.planners.ompl.planner_manager]: ./src/ompl/geometric/planners/rrt/src/RRTConnect.cpp:219 - arm/arm[RRTConnectkConfigDefault]: Motion planning start tree could not be initialized!
[move_group-5] [WARN] [1788083153.650915096] [move_group.moveit.moveit.planners.ompl.planner_manager]: ./src/ompl/base/src/Planner.cpp:248 - arm/arm[RRTConnectkConfigDefault]: Skipping invalid start state (invalid state)
[move_group-5] [ERROR] [1788083153.651028569] [move_group.moveit.moveit.planners.ompl.planner_manager]: ./src/ompl/geometric/planners/rrt/src/RRTConnect.cpp:219 - arm/arm[RRTConnectkConfigDefault]: Motion planning start tree could not be initialized!
[move_group-5] [ERROR] [1788083153.651110603] [move_group.moveit.moveit.planners.ompl.planner_manager]: ./src/ompl/geometric/planners/rrt/src/RRTConnect.cpp:219 - arm/arm[RRTConnectkConfigDefault]: Motion planning start tree could not be initialized!
[move_group-5] [WARN] [1788083153.651228755] [move_group.moveit.moveit.planners.ompl.planner_manager]: ./src/ompl/tools/multiplan/src/ParallelPlan.cpp:134 - ParallelPlan::solve(): Unable to find solution by any of the threads in 0.000868 seconds
[move_group-5] [WARN] [1788083153.651379308] [move_group.moveit.moveit.planners.ompl.planner_manager]: ./src/ompl/base/src/Planner.cpp:248 - arm/arm[RRTConnectkConfigDefault]: Skipping invalid start state (invalid state)
[move_group-5] [ERROR] [1788083153.651458266] [move_group.moveit.moveit.planners.ompl.planner_manager]: ./src/ompl/geometric/planners/rrt/src/RRTConnect.cpp:219 - arm/arm[RRTConnectkConfigDefault]: Motion planning start tree could not be initialized!
[move_group-5] [WARN] [1788083153.651579263] [move_group.moveit.moveit.planners.ompl.planner_manager]: ./src/ompl/tools/multiplan/src/ParallelPlan.cpp:134 - ParallelPlan::solve(): Unable to find solution by any of the threads in 0.000258 seconds
[move_group-5] [WARN] [1788083153.660165635] [move_group.moveit.moveit.planners.ompl.planner_manager]: ./src/ompl/base/goals/src/GoalLazySamples.cpp:129 - Goal sampling thread never did any work.
[move_group-5] [ERROR] [1788083153.660686192] [move_group.moveit.moveit.planners.ompl.model_based_planning_context]: Unable to solve the planning problem
[move_group-5] [ERROR] [1788083153.660788695] [move_group]: Planner 'OMPL' failed with error code FAILURE
[move_group-5] [INFO] [1788083153.660833339] [move_group.moveit.moveit.ros.move_group.move_action]: FAILURE
[move_group-5] [WARN] [1788083153.660938957] [rclcpp_action]: publish_feedback() called on a goal handle not in executing state, ignoring
[move_group-5] [INFO] [1788083153.664845081] [move_group.moveit.moveit.ros.move_group.move_action]: MoveGroupMoveAction: Received request
[move_group-5] [INFO] [1788083153.665132261] [move_group.moveit.moveit.ros.move_group.move_action]: executing..
[move_group-5] [INFO] [1788083153.668638003] [move_group.moveit.moveit.ros.move_group.move_action]: Combined planning and execution request received for MoveGroup action. Forwarding to planning and execution pipeline.
[move_group-5] [WARN] [1788083153.668690441] [move_group.moveit.moveit.ros.move_group.capability]: Execution of motions should always start at the robot's current state. Ignoring the state supplied as difference in the planning scene diff
[move_group-5] [INFO] [1788083153.668703736] [move_group.moveit.moveit.ros.plan_execution]: Planning attempt 1 of at most 1
[move_group-5] [INFO] [1788083153.668753911] [move_group.moveit.moveit.ros.move_group.capability]: Using planning pipeline 'ompl'
[move_group-5] [INFO] [1788083153.668976529] [move_group]: Calling PlanningRequestAdapter 'ResolveConstraintFrames'
[move_group-5] [INFO] [1788083153.669040659] [move_group]: Calling PlanningRequestAdapter 'ValidateWorkspaceBounds'
[move_group-5] [WARN] [1788083153.669055096] [move_group.moveit.moveit.ros.validate_workspace_bounds]: It looks like the planning volume was not specified. Using default values.
[move_group-5] [INFO] [1788083153.669081706] [move_group]: Calling PlanningRequestAdapter 'CheckStartStateBounds'
[move_group-5] [INFO] [1788083153.669408500] [move_group.moveit.moveit.planners.ompl.model_based_planning_context]: Planner configuration 'arm[RRTConnectkConfigDefault]' will use planner 'geometric::RRTConnect'. Additional configuration parameters will be set when the planner is constructed.
[move_group-5] [INFO] [1788083153.669516683] [move_group]: Calling Planner 'OMPL'
[move_group-5] [WARN] [1788083153.669708713] [move_group.moveit.moveit.planners.ompl.planner_manager]: ./src/ompl/base/src/Planner.cpp:248 - arm/arm[RRTConnectkConfigDefault]: Skipping invalid start state (invalid state)
[move_group-5] [WARN] [1788083153.669786289] [move_group.moveit.moveit.planners.ompl.planner_manager]: ./src/ompl/base/src/Planner.cpp:248 - arm/arm[RRTConnectkConfigDefault]: Skipping invalid start state (invalid state)
[move_group-5] [WARN] [1788083153.669926492] [move_group.moveit.moveit.planners.ompl.planner_manager]: ./src/ompl/base/src/Planner.cpp:248 - arm/arm[RRTConnectkConfigDefault]: Skipping invalid start state (invalid state)
[move_group-5] [WARN] [1788083153.670027432] [move_group.moveit.moveit.planners.ompl.planner_manager]: ./src/ompl/base/src/Planner.cpp:248 - arm/arm[RRTConnectkConfigDefault]: Skipping invalid start state (invalid state)
[move_group-5] [ERROR] [1788083153.670092764] [move_group.moveit.moveit.planners.ompl.planner_manager]: ./src/ompl/geometric/planners/rrt/src/RRTConnect.cpp:219 - arm/arm[RRTConnectkConfigDefault]: Motion planning start tree could not be initialized!
[move_group-5] [ERROR] [1788083153.670869593] [move_group.moveit.moveit.planners.ompl.planner_manager]: ./src/ompl/geometric/planners/rrt/src/RRTConnect.cpp:219 - arm/arm[RRTConnectkConfigDefault]: Motion planning start tree could not be initialized!
[move_group-5] [ERROR] [1788083153.671018452] [move_group.moveit.moveit.planners.ompl.planner_manager]: ./src/ompl/geometric/planners/rrt/src/RRTConnect.cpp:219 - arm/arm[RRTConnectkConfigDefault]: Motion planning start tree could not be initialized!
[move_group-5] [ERROR] [1788083153.671116206] [move_group.moveit.moveit.planners.ompl.planner_manager]: ./src/ompl/geometric/planners/rrt/src/RRTConnect.cpp:219 - arm/arm[RRTConnectkConfigDefault]: Motion planning start tree could not be initialized!
[move_group-5] [WARN] [1788083153.671228888] [move_group.moveit.moveit.planners.ompl.planner_manager]: ./src/ompl/tools/multiplan/src/ParallelPlan.cpp:134 - ParallelPlan::solve(): Unable to find solution by any of the threads in 0.001619 seconds
[move_group-5] [WARN] [1788083153.671406631] [move_group.moveit.moveit.planners.ompl.planner_manager]: ./src/ompl/base/src/Planner.cpp:248 - arm/arm[RRTConnectkConfigDefault]: Skipping invalid start state (invalid state)
[move_group-5] [ERROR] [1788083153.671461845] [move_group.moveit.moveit.planners.ompl.planner_manager]: ./src/ompl/geometric/planners/rrt/src/RRTConnect.cpp:219 - arm/arm[RRTConnectkConfigDefault]: Motion planning start tree could not be initialized!
[move_group-5] [WARN] [1788083153.671534221] [move_group.moveit.moveit.planners.ompl.planner_manager]: ./src/ompl/tools/multiplan/src/ParallelPlan.cpp:134 - ParallelPlan::solve(): Unable to find solution by any of the threads in 0.000219 seconds
[move_group-5] [WARN] [1788083153.679497172] [move_group.moveit.moveit.planners.ompl.planner_manager]: ./src/ompl/base/goals/src/GoalLazySamples.cpp:129 - Goal sampling thread never did any work.
[move_group-5] [ERROR] [1788083153.679773311] [move_group.moveit.moveit.planners.ompl.model_based_planning_context]: Unable to solve the planning problem
[move_group-5] [ERROR] [1788083153.679899969] [move_group]: Planner 'OMPL' failed with error code FAILURE
[move_group-5] [INFO] [1788083153.679959130] [move_group.moveit.moveit.ros.move_group.move_action]: FAILURE
[move_group-5] [WARN] [1788083153.680134148] [rclcpp_action]: publish_feedback() called on a goal handle not in executing state, ignoring
[move_group-5] [INFO] [1788083153.686090111] [move_group.moveit.moveit.ros.move_group.move_action]: MoveGroupMoveAction: Received request
[move_group-5] [INFO] [1788083153.686294505] [move_group.moveit.moveit.ros.move_group.move_action]: executing..
[move_group-5] [INFO] [1788083153.688824456] [move_group.moveit.moveit.ros.move_group.move_action]: Combined planning and execution request received for MoveGroup action. Forwarding to planning and execution pipeline.
[move_group-5] [WARN] [1788083153.688934222] [move_group.moveit.moveit.ros.move_group.capability]: Execution of motions should always start at the robot's current state. Ignoring the state supplied as difference in the planning scene diff
[move_group-5] [INFO] [1788083153.688961874] [move_group.moveit.moveit.ros.plan_execution]: Planning attempt 1 of at most 1
[move_group-5] [INFO] [1788083153.689064416] [move_group.moveit.moveit.ros.move_group.capability]: Using planning pipeline 'ompl'
[move_group-5] [INFO] [1788083153.689400587] [move_group]: Calling PlanningRequestAdapter 'ResolveConstraintFrames'
[move_group-5] [INFO] [1788083153.689610762] [move_group]: Calling PlanningRequestAdapter 'ValidateWorkspaceBounds'
[move_group-5] [WARN] [1788083153.689626852] [move_group.moveit.moveit.ros.validate_workspace_bounds]: It looks like the planning volume was not specified. Using default values.
[move_group-5] [INFO] [1788083153.689658331] [move_group]: Calling PlanningRequestAdapter 'CheckStartStateBounds'
[move_group-5] [INFO] [1788083153.690188376] [move_group.moveit.moveit.planners.ompl.model_based_planning_context]: Planner configuration 'arm[RRTConnectkConfigDefault]' will use planner 'geometric::RRTConnect'. Additional configuration parameters will be set when the planner is constructed.
[move_group-5] [INFO] [1788083153.690467420] [move_group]: Calling Planner 'OMPL'
[move_group-5] [WARN] [1788083153.690781099] [move_group.moveit.moveit.planners.ompl.planner_manager]: ./src/ompl/base/src/Planner.cpp:248 - arm/arm[RRTConnectkConfigDefault]: Skipping invalid start state (invalid state)
[move_group-5] [WARN] [1788083153.690870858] [move_group.moveit.moveit.planners.ompl.planner_manager]: ./src/ompl/base/src/Planner.cpp:248 - arm/arm[RRTConnectkConfigDefault]: Skipping invalid start state (invalid state)
[move_group-5] [ERROR] [1788083153.691002695] [move_group.moveit.moveit.planners.ompl.planner_manager]: ./src/ompl/geometric/planners/rrt/src/RRTConnect.cpp:219 - arm/arm[RRTConnectkConfigDefault]: Motion planning start tree could not be initialized!
[move_group-5] [ERROR] [1788083153.691196399] [move_group.moveit.moveit.planners.ompl.planner_manager]: ./src/ompl/geometric/planners/rrt/src/RRTConnect.cpp:219 - arm/arm[RRTConnectkConfigDefault]: Motion planning start tree could not be initialized!
[move_group-5] [WARN] [1788083153.691285777] [move_group.moveit.moveit.planners.ompl.planner_manager]: ./src/ompl/base/src/Planner.cpp:248 - arm/arm[RRTConnectkConfigDefault]: Skipping invalid start state (invalid state)
[move_group-5] [ERROR] [1788083153.691420700] [move_group.moveit.moveit.planners.ompl.planner_manager]: ./src/ompl/geometric/planners/rrt/src/RRTConnect.cpp:219 - arm/arm[RRTConnectkConfigDefault]: Motion planning start tree could not be initialized!
[move_group-5] [WARN] [1788083153.691510860] [move_group.moveit.moveit.planners.ompl.planner_manager]: ./src/ompl/base/src/Planner.cpp:248 - arm/arm[RRTConnectkConfigDefault]: Skipping invalid start state (invalid state)
[move_group-5] [ERROR] [1788083153.691593926] [move_group.moveit.moveit.planners.ompl.planner_manager]: ./src/ompl/geometric/planners/rrt/src/RRTConnect.cpp:219 - arm/arm[RRTConnectkConfigDefault]: Motion planning start tree could not be initialized!
[move_group-5] [WARN] [1788083153.691735181] [move_group.moveit.moveit.planners.ompl.planner_manager]: ./src/ompl/tools/multiplan/src/ParallelPlan.cpp:134 - ParallelPlan::solve(): Unable to find solution by any of the threads in 0.001178 seconds
[move_group-5] [WARN] [1788083153.691903978] [move_group.moveit.moveit.planners.ompl.planner_manager]: ./src/ompl/base/src/Planner.cpp:248 - arm/arm[RRTConnectkConfigDefault]: Skipping invalid start state (invalid state)
[move_group-5] [ERROR] [1788083153.691959382] [move_group.moveit.moveit.planners.ompl.planner_manager]: ./src/ompl/geometric/planners/rrt/src/RRTConnect.cpp:219 - arm/arm[RRTConnectkConfigDefault]: Motion planning start tree could not be initialized!
[move_group-5] [WARN] [1788083153.692038220] [move_group.moveit.moveit.planners.ompl.planner_manager]: ./src/ompl/tools/multiplan/src/ParallelPlan.cpp:134 - ParallelPlan::solve(): Unable to find solution by any of the threads in 0.000216 seconds
[move_group-5] [WARN] [1788083153.700493826] [move_group.moveit.moveit.planners.ompl.planner_manager]: ./src/ompl/base/goals/src/GoalLazySamples.cpp:129 - Goal sampling thread never did any work.
[move_group-5] [ERROR] [1788083153.700694593] [move_group.moveit.moveit.planners.ompl.model_based_planning_context]: Unable to solve the planning problem
[move_group-5] [ERROR] [1788083153.700840427] [move_group]: Planner 'OMPL' failed with error code FAILURE
[move_group-5] [INFO] [1788083153.700889870] [move_group.moveit.moveit.ros.move_group.move_action]: FAILURE
[move_group-5] [WARN] [1788083153.701001770] [rclcpp_action]: publish_feedback() called on a goal handle not in executing state, ignoring
[move_group-5] [INFO] [1788083153.705396321] [move_group.moveit.moveit.ros.move_group.move_action]: MoveGroupMoveAction: Received request
[move_group-5] [INFO] [1788083153.705746489] [move_group.moveit.moveit.ros.move_group.move_action]: executing..
[move_group-5] [INFO] [1788083153.709131094] [move_group.moveit.moveit.ros.move_group.move_action]: Combined planning and execution request received for MoveGroup action. Forwarding to planning and execution pipeline.
[move_group-5] [WARN] [1788083153.709230390] [move_group.moveit.moveit.ros.move_group.capability]: Execution of motions should always start at the robot's current state. Ignoring the state supplied as difference in the planning scene diff
[move_group-5] [INFO] [1788083153.709255367] [move_group.moveit.moveit.ros.plan_execution]: Planning attempt 1 of at most 1
[move_group-5] [INFO] [1788083153.709336720] [move_group.moveit.moveit.ros.move_group.capability]: Using planning pipeline 'ompl'
[move_group-5] [INFO] [1788083153.709540402] [move_group]: Calling PlanningRequestAdapter 'ResolveConstraintFrames'
[move_group-5] [INFO] [1788083153.709597630] [move_group]: Calling PlanningRequestAdapter 'ValidateWorkspaceBounds'
[move_group-5] [WARN] [1788083153.709612377] [move_group.moveit.moveit.ros.validate_workspace_bounds]: It looks like the planning volume was not specified. Using default values.
[move_group-5] [INFO] [1788083153.709632295] [move_group]: Calling PlanningRequestAdapter 'CheckStartStateBounds'
[move_group-5] [INFO] [1788083153.709925215] [move_group.moveit.moveit.planners.ompl.model_based_planning_context]: Planner configuration 'arm[RRTConnectkConfigDefault]' will use planner 'geometric::RRTConnect'. Additional configuration parameters will be set when the planner is constructed.
[move_group-5] [INFO] [1788083153.710042966] [move_group]: Calling Planner 'OMPL'
[move_group-5] [WARN] [1788083153.710294448] [move_group.moveit.moveit.planners.ompl.planner_manager]: ./src/ompl/base/src/Planner.cpp:248 - arm/arm[RRTConnectkConfigDefault]: Skipping invalid start state (invalid state)
[move_group-5] [WARN] [1788083153.710512097] [move_group.moveit.moveit.planners.ompl.planner_manager]: ./src/ompl/base/src/Planner.cpp:248 - arm/arm[RRTConnectkConfigDefault]: Skipping invalid start state (invalid state)
[move_group-5] [ERROR] [1788083153.710600392] [move_group.moveit.moveit.planners.ompl.planner_manager]: ./src/ompl/geometric/planners/rrt/src/RRTConnect.cpp:219 - arm/arm[RRTConnectkConfigDefault]: Motion planning start tree could not be initialized!
[move_group-5] [WARN] [1788083153.710711421] [move_group.moveit.moveit.planners.ompl.planner_manager]: ./src/ompl/base/src/Planner.cpp:248 - arm/arm[RRTConnectkConfigDefault]: Skipping invalid start state (invalid state)
[move_group-5] [ERROR] [1788083153.710777465] [move_group.moveit.moveit.planners.ompl.planner_manager]: ./src/ompl/geometric/planners/rrt/src/RRTConnect.cpp:219 - arm/arm[RRTConnectkConfigDefault]: Motion planning start tree could not be initialized!
[move_group-5] [ERROR] [1788083153.710827048] [move_group.moveit.moveit.planners.ompl.planner_manager]: ./src/ompl/geometric/planners/rrt/src/RRTConnect.cpp:219 - arm/arm[RRTConnectkConfigDefault]: Motion planning start tree could not be initialized!
[move_group-5] [WARN] [1788083153.710898202] [move_group.moveit.moveit.planners.ompl.planner_manager]: ./src/ompl/base/src/Planner.cpp:248 - arm/arm[RRTConnectkConfigDefault]: Skipping invalid start state (invalid state)
[move_group-5] [ERROR] [1788083153.710995003] [move_group.moveit.moveit.planners.ompl.planner_manager]: ./src/ompl/geometric/planners/rrt/src/RRTConnect.cpp:219 - arm/arm[RRTConnectkConfigDefault]: Motion planning start tree could not be initialized!
[move_group-5] [WARN] [1788083153.711136779] [move_group.moveit.moveit.planners.ompl.planner_manager]: ./src/ompl/tools/multiplan/src/ParallelPlan.cpp:134 - ParallelPlan::solve(): Unable to find solution by any of the threads in 0.000989 seconds
[move_group-5] [WARN] [1788083153.711520911] [move_group.moveit.moveit.planners.ompl.planner_manager]: ./src/ompl/base/src/Planner.cpp:248 - arm/arm[RRTConnectkConfigDefault]: Skipping invalid start state (invalid state)
[move_group-5] [ERROR] [1788083153.711630557] [move_group.moveit.moveit.planners.ompl.planner_manager]: ./src/ompl/geometric/planners/rrt/src/RRTConnect.cpp:219 - arm/arm[RRTConnectkConfigDefault]: Motion planning start tree could not be initialized!
[move_group-5] [WARN] [1788083153.711717149] [move_group.moveit.moveit.planners.ompl.planner_manager]: ./src/ompl/tools/multiplan/src/ParallelPlan.cpp:134 - ParallelPlan::solve(): Unable to find solution by any of the threads in 0.000480 seconds
[move_group-5] [WARN] [1788083153.720015330] [move_group.moveit.moveit.planners.ompl.planner_manager]: ./src/ompl/base/goals/src/GoalLazySamples.cpp:129 - Goal sampling thread never did any work.
[move_group-5] [ERROR] [1788083153.720212741] [move_group.moveit.moveit.planners.ompl.model_based_planning_context]: Unable to solve the planning problem
[move_group-5] [ERROR] [1788083153.720314492] [move_group]: Planner 'OMPL' failed with error code FAILURE
[move_group-5] [INFO] [1788083153.720356310] [move_group.moveit.moveit.ros.move_group.move_action]: FAILURE
[move_group-5] [WARN] [1788083153.720466006] [rclcpp_action]: publish_feedback() called on a goal handle not in executing state, ignoring
[move_group-5] [INFO] [1788083153.724984550] [move_group.moveit.moveit.ros.move_group.move_action]: MoveGroupMoveAction: Received request
[move_group-5] [INFO] [1788083153.725392096] [move_group.moveit.moveit.ros.move_group.move_action]: executing..
[move_group-5] [INFO] [1788083153.728678787] [move_group.moveit.moveit.ros.move_group.move_action]: Combined planning and execution request received for MoveGroup action. Forwarding to planning and execution pipeline.
[move_group-5] [WARN] [1788083153.728751784] [move_group.moveit.moveit.ros.move_group.capability]: Execution of motions should always start at the robot's current state. Ignoring the state supplied as difference in the planning scene diff
[move_group-5] [INFO] [1788083153.728768275] [move_group.moveit.moveit.ros.plan_execution]: Planning attempt 1 of at most 1
[move_group-5] [INFO] [1788083153.728850720] [move_group.moveit.moveit.ros.move_group.capability]: Using planning pipeline 'ompl'
[move_group-5] [INFO] [1788083153.729024085] [move_group]: Calling PlanningRequestAdapter 'ResolveConstraintFrames'
[move_group-5] [INFO] [1788083153.729056857] [move_group]: Calling PlanningRequestAdapter 'ValidateWorkspaceBounds'
[move_group-5] [WARN] [1788083153.729071865] [move_group.moveit.moveit.ros.validate_workspace_bounds]: It looks like the planning volume was not specified. Using default values.
[move_group-5] [INFO] [1788083153.729107211] [move_group]: Calling PlanningRequestAdapter 'CheckStartStateBounds'
[move_group-5] [INFO] [1788083153.729539633] [move_group.moveit.moveit.planners.ompl.model_based_planning_context]: Planner configuration 'arm[RRTConnectkConfigDefault]' will use planner 'geometric::RRTConnect'. Additional configuration parameters will be set when the planner is constructed.
[move_group-5] [INFO] [1788083153.729700816] [move_group]: Calling Planner 'OMPL'
[move_group-5] [WARN] [1788083153.730003454] [move_group.moveit.moveit.planners.ompl.planner_manager]: ./src/ompl/base/src/Planner.cpp:248 - arm/arm[RRTConnectkConfigDefault]: Skipping invalid start state (invalid state)
[move_group-5] [ERROR] [1788083153.730115064] [move_group.moveit.moveit.planners.ompl.planner_manager]: ./src/ompl/geometric/planners/rrt/src/RRTConnect.cpp:219 - arm/arm[RRTConnectkConfigDefault]: Motion planning start tree could not be initialized!
[move_group-5] [WARN] [1788083153.730213989] [move_group.moveit.moveit.planners.ompl.planner_manager]: ./src/ompl/base/src/Planner.cpp:248 - arm/arm[RRTConnectkConfigDefault]: Skipping invalid start state (invalid state)
[move_group-5] [WARN] [1788083153.730392314] [move_group.moveit.moveit.planners.ompl.planner_manager]: ./src/ompl/base/src/Planner.cpp:248 - arm/arm[RRTConnectkConfigDefault]: Skipping invalid start state (invalid state)
[move_group-5] [ERROR] [1788083153.730474268] [move_group.moveit.moveit.planners.ompl.planner_manager]: ./src/ompl/geometric/planners/rrt/src/RRTConnect.cpp:219 - arm/arm[RRTConnectkConfigDefault]: Motion planning start tree could not be initialized!
[move_group-5] [WARN] [1788083153.730580568] [move_group.moveit.moveit.planners.ompl.planner_manager]: ./src/ompl/base/src/Planner.cpp:248 - arm/arm[RRTConnectkConfigDefault]: Skipping invalid start state (invalid state)
[move_group-5] [ERROR] [1788083153.730711964] [move_group.moveit.moveit.planners.ompl.planner_manager]: ./src/ompl/geometric/planners/rrt/src/RRTConnect.cpp:219 - arm/arm[RRTConnectkConfigDefault]: Motion planning start tree could not be initialized!
[move_group-5] [ERROR] [1788083153.730781715] [move_group.moveit.moveit.planners.ompl.planner_manager]: ./src/ompl/geometric/planners/rrt/src/RRTConnect.cpp:219 - arm/arm[RRTConnectkConfigDefault]: Motion planning start tree could not be initialized!
[move_group-5] [WARN] [1788083153.730890650] [move_group.moveit.moveit.planners.ompl.planner_manager]: ./src/ompl/tools/multiplan/src/ParallelPlan.cpp:134 - ParallelPlan::solve(): Unable to find solution by any of the threads in 0.001080 seconds
[move_group-5] [WARN] [1788083153.731093260] [move_group.moveit.moveit.planners.ompl.planner_manager]: ./src/ompl/base/src/Planner.cpp:248 - arm/arm[RRTConnectkConfigDefault]: Skipping invalid start state (invalid state)
[move_group-5] [ERROR] [1788083153.731137383] [move_group.moveit.moveit.planners.ompl.planner_manager]: ./src/ompl/geometric/planners/rrt/src/RRTConnect.cpp:219 - arm/arm[RRTConnectkConfigDefault]: Motion planning start tree could not be initialized!
[move_group-5] [WARN] [1788083153.731217383] [move_group.moveit.moveit.planners.ompl.planner_manager]: ./src/ompl/tools/multiplan/src/ParallelPlan.cpp:134 - ParallelPlan::solve(): Unable to find solution by any of the threads in 0.000220 seconds
[move_group-5] [WARN] [1788083153.739608188] [move_group.moveit.moveit.planners.ompl.planner_manager]: ./src/ompl/base/goals/src/GoalLazySamples.cpp:129 - Goal sampling thread never did any work.
[move_group-5] [ERROR] [1788083153.739870971] [move_group.moveit.moveit.planners.ompl.model_based_planning_context]: Unable to solve the planning problem
[move_group-5] [ERROR] [1788083153.740025031] [move_group]: Planner 'OMPL' failed with error code FAILURE
[move_group-5] [INFO] [1788083153.740092798] [move_group.moveit.moveit.ros.move_group.move_action]: FAILURE
[move_group-5] [WARN] [1788083153.740287614] [rclcpp_action]: publish_feedback() called on a goal handle not in executing state, ignoring
[gz-1] [INFO] [1788083163.148788604] [controller_manager.pal_statistics]: Async messages lost 0
[gz-1] [INFO] [1788083163.148853345] [controller_manager.pal_statistics]: publish_async_failures_ 0
[gz-1] [INFO] [1788083163.150830297] [controller_manager.pal_statistics]: Async messages lost 0
[gz-1] [INFO] [1788083163.150871895] [controller_manager.pal_statistics]: publish_async_failures_ 0
[INFO] [gz-1]: process has finished cleanly [pid 206524]
[parameter_bridge-4] Exception sending a multicast message:Network is unreachable
[parameter_bridge-4] Exception sending a multicast message:Network is unreachable
[parameter_bridge-4] Exception sending a multicast message:Network is unreachable
[parameter_bridge-4] Exception sending a multicast message:Network is unreachable
[parameter_bridge-4] Exception sending a multicast message:Network is unreachable
[parameter_bridge-4] Exception sending a multicast message:Network is unreachable
[parameter_bridge-4] Exception sending a multicast message:Network is unreachable
[parameter_bridge-4] Exception sending a multicast message:Network is unreachable
[parameter_bridge-4] Exception sending a multicast message:Network is unreachable
[parameter_bridge-4] Exception sending a multicast message:Network is unreachable
[move_group-5] [WARN] [1788087202.214329953] [tf2_buffer]: Detected jump back in time. Clearing TF buffer.
[move_group-5] [WARN] [1788087205.313507993] [tf2_buffer]: Detected jump back in time. Clearing TF buffer.
[move_group-5] [WARN] [1788087205.434645886] [tf2_buffer]: Detected jump back in time. Clearing TF buffer.
[move_group-5] [WARN] [1788087205.530184444] [tf2_buffer]: Detected jump back in time. Clearing TF buffer.
[robot_state_publisher-2] [WARN] [1788087205.655473903] [robot_state_publisher]: Moved backwards in time, re-publishing joint transforms!
[move_group-5] [WARN] [1788087206.579441306] [tf2_buffer]: Detected jump back in time. Clearing TF buffer.
[move_group-5] [WARN] [1788087206.885020518] [tf2_buffer]: Detected jump back in time. Clearing TF buffer.
[move_group-5] [WARN] [1788087207.129659919] [tf2_buffer]: Detected jump back in time. Clearing TF buffer.
[move_group-5] [WARN] [1788087207.140359117] [tf2_buffer]: Detected jump back in time. Clearing TF buffer.
[move_group-5] [WARN] [1788087207.148314222] [tf2_buffer]: Detected jump back in time. Clearing TF buffer.
[move_group-5] [WARN] [1788087207.149944545] [tf2_buffer]: Detected jump back in time. Clearing TF buffer.
[move_group-5] [WARN] [1788087207.155243153] [tf2_buffer]: Detected jump back in time. Clearing TF buffer.
[move_group-5] [WARN] [1788087207.471833140] [tf2_buffer]: Detected jump back in time. Clearing TF buffer.
[move_group-5] [WARN] [1788087207.630082978] [tf2_buffer]: Detected jump back in time. Clearing TF buffer.
[move_group-5] [WARN] [1788087207.631178723] [tf2_buffer]: Detected jump back in time. Clearing TF buffer.
[move_group-5] [WARN] [1788087208.949181246] [tf2_buffer]: Detected jump back in time. Clearing TF buffer.
[move_group-5] [WARN] [1788087209.262419215] [tf2_buffer]: Detected jump back in time. Clearing TF buffer.
[move_group-5] [WARN] [1788087209.278883780] [tf2_buffer]: Detected jump back in time. Clearing TF buffer.
[move_group-5] [WARN] [1788087209.280887267] [tf2_buffer]: Detected jump back in time. Clearing TF buffer.
[move_group-5] [WARN] [1788087209.545164194] [tf2_buffer]: Detected jump back in time. Clearing TF buffer.
[move_group-5] [WARN] [1788087209.622699146] [tf2_buffer]: Detected jump back in time. Clearing TF buffer.
[move_group-5] [WARN] [1788087212.748357330] [tf2_buffer]: Detected jump back in time. Clearing TF buffer.
[move_group-5] [WARN] [1788087212.755308513] [tf2_buffer]: Detected jump back in time. Clearing TF buffer.
[move_group-5] [WARN] [1788087212.999532812] [tf2_buffer]: Detected jump back in time. Clearing TF buffer.
[move_group-5] [WARN] [1788087213.010515223] [tf2_buffer]: Detected jump back in time. Clearing TF buffer.
[move_group-5] [WARN] [1788087213.026515163] [tf2_buffer]: Detected jump back in time. Clearing TF buffer.
[move_group-5] [WARN] [1788087213.049512523] [tf2_buffer]: Detected jump back in time. Clearing TF buffer.
[move_group-5] [WARN] [1788087213.050312811] [tf2_buffer]: Detected jump back in time. Clearing TF buffer.
[move_group-5] [WARN] [1788087213.685526659] [tf2_buffer]: Detected jump back in time. Clearing TF buffer.
[move_group-5] [WARN] [1788087213.686801592] [tf2_buffer]: Detected jump back in time. Clearing TF buffer.
[move_group-5] [WARN] [1788087213.689668125] [tf2_buffer]: Detected jump back in time. Clearing TF buffer.
[move_group-5] [WARN] [1788087213.693137054] [tf2_buffer]: Detected jump back in time. Clearing TF buffer.
[move_group-5] [WARN] [1788087213.701021947] [tf2_buffer]: Detected jump back in time. Clearing TF buffer.
[move_group-5] [WARN] [1788087213.722176653] [tf2_buffer]: Detected jump back in time. Clearing TF buffer.
[move_group-5] [WARN] [1788087213.730032952] [tf2_buffer]: Detected jump back in time. Clearing TF buffer.
[move_group-5] [WARN] [1788087213.737044890] [tf2_buffer]: Detected jump back in time. Clearing TF buffer.
[move_group-5] [WARN] [1788087213.761529192] [tf2_buffer]: Detected jump back in time. Clearing TF buffer.
[move_group-5] [WARN] [1788087213.771092900] [tf2_buffer]: Detected jump back in time. Clearing TF buffer.
[move_group-5] [WARN] [1788087213.799650590] [tf2_buffer]: Detected jump back in time. Clearing TF buffer.
[move_group-5] [WARN] [1788087214.949466695] [tf2_buffer]: Detected jump back in time. Clearing TF buffer.
[move_group-5] [INFO] [1788087215.533443902] [move_group.moveit.moveit.ros.planning_scene_monitor]: Published update collision object
[move_group-5] [INFO] [1788087215.635066870] [move_group.moveit.moveit.ros.planning_scene_monitor]: Published update collision object
[move_group-5] [INFO] [1788087215.736579088] [move_group.moveit.moveit.ros.planning_scene_monitor]: Published update collision object
[move_group-5] [INFO] [1788087216.840918320] [move_group.moveit.moveit.ros.move_group.move_action]: MoveGroupMoveAction: Received request
[move_group-5] [INFO] [1788087216.841218135] [move_group.moveit.moveit.ros.move_group.move_action]: executing..
[move_group-5] [INFO] [1788087216.852467740] [move_group.moveit.moveit.ros.move_group.move_action]: Combined planning and execution request received for MoveGroup action. Forwarding to planning and execution pipeline.
[move_group-5] [WARN] [1788087216.852590301] [move_group.moveit.moveit.ros.move_group.capability]: Execution of motions should always start at the robot's current state. Ignoring the state supplied as difference in the planning scene diff
[move_group-5] [INFO] [1788087216.852634154] [move_group.moveit.moveit.ros.plan_execution]: Planning attempt 1 of at most 1
[move_group-5] [INFO] [1788087216.852741927] [move_group.moveit.moveit.ros.move_group.capability]: Using planning pipeline 'ompl'
[move_group-5] [INFO] [1788087216.853055197] [move_group]: Calling PlanningRequestAdapter 'ResolveConstraintFrames'
[move_group-5] [INFO] [1788087216.853120831] [move_group]: Calling PlanningRequestAdapter 'ValidateWorkspaceBounds'
[move_group-5] [WARN] [1788087216.853138705] [move_group.moveit.moveit.ros.validate_workspace_bounds]: It looks like the planning volume was not specified. Using default values.
[move_group-5] [INFO] [1788087216.853172458] [move_group]: Calling PlanningRequestAdapter 'CheckStartStateBounds'
[move_group-5] [INFO] [1788087216.853640501] [move_group.moveit.moveit.planners.ompl.model_based_planning_context]: Planner configuration 'arm[RRTConnectkConfigDefault]' will use planner 'geometric::RRTConnect'. Additional configuration parameters will be set when the planner is constructed.
[move_group-5] [INFO] [1788087216.853798238] [move_group]: Calling Planner 'OMPL'
[move_group-5] [INFO] [1788087216.858178084] [move_group]: Calling PlanningResponseAdapter 'AddTimeOptimalParameterization'
[move_group-5] [INFO] [1788087216.858698234] [move_group]: Calling PlanningResponseAdapter 'DisplayMotionPath'
[move_group-5] [INFO] [1788087216.859155897] [move_group.moveit.moveit.plugins.simple_controller_manager]: Returned 2 controllers in list
[move_group-5] [INFO] [1788087216.859218705] [move_group.moveit.moveit.plugins.simple_controller_manager]: Returned 2 controllers in list
[move_group-5] [INFO] [1788087216.859360362] [move_group.moveit.moveit.ros.trajectory_execution_manager]: Validating trajectory with allowed_start_tolerance 0.1
[move_group-5] [INFO] [1788087216.862833770] [move_group.moveit.moveit.ros.trajectory_execution_manager]: Starting trajectory execution ...
[move_group-5] [INFO] [1788087216.862924832] [move_group.moveit.moveit.plugins.simple_controller_manager]: Returned 2 controllers in list
[move_group-5] [INFO] [1788087216.862978733] [move_group.moveit.moveit.plugins.simple_controller_manager]: Returned 2 controllers in list
[move_group-5] [INFO] [1788087216.863206302] [moveit.simple_controller_manager.follow_joint_trajectory_controller_handle]: sending trajectory to arm_controller
[move_group-5] [INFO] [1788087216.864810646] [moveit.simple_controller_manager.follow_joint_trajectory_controller_handle]: arm_controller started execution
[move_group-5] [INFO] [1788087216.864845071] [moveit.simple_controller_manager.follow_joint_trajectory_controller_handle]: Goal request accepted!
[move_group-5] [WARN] [1788087216.867120821] [tf2_buffer]: Detected jump back in time. Clearing TF buffer.
[move_group-5] [WARN] [1788087216.873635321] [moveit.simple_controller_manager.follow_joint_trajectory_controller_handle]: Controller 'arm_controller' failed with error INVALID_GOAL: Current goal preempted by new incoming action.
[move_group-5] [WARN] [1788087216.873695855] [move_group.moveit.moveit.ros.trajectory_execution_manager]: Controller handle arm_controller reports status ABORTED
[move_group-5] [INFO] [1788087216.873742803] [move_group.moveit.moveit.ros.trajectory_execution_manager]: Completed trajectory execution with status ABORTED ...
[move_group-5] [INFO] [1788087216.883132292] [move_group.moveit.moveit.ros.move_group.move_action]: CONTROL_FAILED
[move_group-5] [WARN] [1788087216.883440383] [rclcpp_action]: publish_feedback() called on a goal handle not in executing state, ignoring
[move_group-5] [INFO] [1788087216.888539565] [move_group.moveit.moveit.ros.move_group.move_action]: MoveGroupMoveAction: Received request
[move_group-5] [INFO] [1788087216.888822668] [move_group.moveit.moveit.ros.move_group.move_action]: executing..
[move_group-5] [INFO] [1788087216.892771612] [move_group.moveit.moveit.ros.move_group.move_action]: Combined planning and execution request received for MoveGroup action. Forwarding to planning and execution pipeline.
[move_group-5] [WARN] [1788087216.892897509] [move_group.moveit.moveit.ros.move_group.capability]: Execution of motions should always start at the robot's current state. Ignoring the state supplied as difference in the planning scene diff
[move_group-5] [INFO] [1788087216.892922036] [move_group.moveit.moveit.ros.plan_execution]: Planning attempt 1 of at most 1
[move_group-5] [INFO] [1788087216.893026563] [move_group.moveit.moveit.ros.move_group.capability]: Using planning pipeline 'ompl'
[move_group-5] [INFO] [1788087216.893351144] [move_group]: Calling PlanningRequestAdapter 'ResolveConstraintFrames'
[move_group-5] [INFO] [1788087216.893400267] [move_group]: Calling PlanningRequestAdapter 'ValidateWorkspaceBounds'
[move_group-5] [WARN] [1788087216.893413322] [move_group.moveit.moveit.ros.validate_workspace_bounds]: It looks like the planning volume was not specified. Using default values.
[move_group-5] [INFO] [1788087216.893431776] [move_group]: Calling PlanningRequestAdapter 'CheckStartStateBounds'
[move_group-5] [INFO] [1788087216.894077163] [move_group.moveit.moveit.planners.ompl.model_based_planning_context]: Planner configuration 'arm[RRTConnectkConfigDefault]' will use planner 'geometric::RRTConnect'. Additional configuration parameters will be set when the planner is constructed.
[move_group-5] [INFO] [1788087216.894242665] [move_group]: Calling Planner 'OMPL'
[move_group-5] [INFO] [1788087216.908367069] [move_group]: Calling PlanningResponseAdapter 'AddTimeOptimalParameterization'
[move_group-5] [INFO] [1788087216.908814493] [move_group]: Calling PlanningResponseAdapter 'DisplayMotionPath'
[move_group-5] [INFO] [1788087216.909045448] [move_group.moveit.moveit.plugins.simple_controller_manager]: Returned 2 controllers in list
[move_group-5] [INFO] [1788087216.909100392] [move_group.moveit.moveit.plugins.simple_controller_manager]: Returned 2 controllers in list
[move_group-5] [INFO] [1788087216.909231799] [move_group.moveit.moveit.ros.trajectory_execution_manager]: Validating trajectory with allowed_start_tolerance 0.1
[move_group-5] [INFO] [1788087216.912623633] [move_group.moveit.moveit.ros.trajectory_execution_manager]: Starting trajectory execution ...
[move_group-5] [INFO] [1788087216.912716428] [move_group.moveit.moveit.plugins.simple_controller_manager]: Returned 2 controllers in list
[move_group-5] [INFO] [1788087216.912770259] [move_group.moveit.moveit.plugins.simple_controller_manager]: Returned 2 controllers in list
[move_group-5] [INFO] [1788087216.912942294] [moveit.simple_controller_manager.follow_joint_trajectory_controller_handle]: sending trajectory to arm_controller
[move_group-5] [INFO] [1788087216.913874050] [moveit.simple_controller_manager.follow_joint_trajectory_controller_handle]: arm_controller started execution
[move_group-5] [INFO] [1788087216.913938932] [moveit.simple_controller_manager.follow_joint_trajectory_controller_handle]: Goal request accepted!
[move_group-5] [INFO] [1788087216.915071036] [move_group.moveit.moveit.ros.move_group.move_action]: MoveGroupMoveAction: Received request
[move_group-5] [INFO] [1788087216.915256967] [move_group.moveit.moveit.ros.move_group.move_action]: executing..
[move_group-5] [INFO] [1788087216.922402195] [move_group.moveit.moveit.ros.move_group.move_action]: Combined planning and execution request received for MoveGroup action. Forwarding to planning and execution pipeline.
[move_group-5] [WARN] [1788087216.922485983] [move_group.moveit.moveit.ros.move_group.capability]: Execution of motions should always start at the robot's current state. Ignoring the state supplied as difference in the planning scene diff
[move_group-5] [INFO] [1788087216.922526840] [move_group.moveit.moveit.ros.plan_execution]: Planning attempt 1 of at most 1
[move_group-5] [INFO] [1788087216.922618623] [move_group.moveit.moveit.ros.move_group.capability]: Using planning pipeline 'ompl'
[move_group-5] [INFO] [1788087216.922854578] [move_group]: Calling PlanningRequestAdapter 'ResolveConstraintFrames'
[move_group-5] [INFO] [1788087216.922906827] [move_group]: Calling PlanningRequestAdapter 'ValidateWorkspaceBounds'
[move_group-5] [WARN] [1788087216.922923338] [move_group.moveit.moveit.ros.validate_workspace_bounds]: It looks like the planning volume was not specified. Using default values.
[move_group-5] [INFO] [1788087216.922954236] [move_group]: Calling PlanningRequestAdapter 'CheckStartStateBounds'
[move_group-5] [INFO] [1788087216.923415976] [move_group.moveit.moveit.planners.ompl.model_based_planning_context]: Planner configuration 'arm[RRTConnectkConfigDefault]' will use planner 'geometric::RRTConnect'. Additional configuration parameters will be set when the planner is constructed.
[move_group-5] [INFO] [1788087216.923702266] [move_group]: Calling Planner 'OMPL'
[move_group-5] [INFO] [1788087216.937208956] [move_group]: Calling PlanningResponseAdapter 'AddTimeOptimalParameterization'
[move_group-5] [INFO] [1788087216.937485808] [move_group]: Calling PlanningResponseAdapter 'DisplayMotionPath'
[move_group-5] [ERROR] [1788087216.937627615] [move_group.moveit.moveit.ros.trajectory_execution_manager]: Cannot push a new trajectory while another is being executed
[move_group-5] [ERROR] [1788087216.937706554] [move_group.moveit.moveit.ros.plan_execution]: Apparently trajectory initialization failed
[move_group-5] [INFO] [1788087216.937779832] [move_group.moveit.moveit.ros.move_group.move_action]: CONTROL_FAILED
[move_group-5] [WARN] [1788087216.937960863] [rclcpp_action]: publish_feedback() called on a goal handle not in executing state, ignoring
[move_group-5] [INFO] [1788087216.942845951] [move_group.moveit.moveit.ros.move_group.move_action]: Solution was found and executed.
[move_group-5] [WARN] [1788087216.945061498] [moveit.simple_controller_manager.follow_joint_trajectory_controller_handle]: Controller 'arm_controller' failed with error INVALID_GOAL: Current goal preempted by new incoming action.
[move_group-5] [WARN] [1788087216.945127252] [move_group.moveit.moveit.ros.trajectory_execution_manager]: Controller handle arm_controller reports status ABORTED
[move_group-5] [INFO] [1788087216.945174521] [move_group.moveit.moveit.ros.trajectory_execution_manager]: Completed trajectory execution with status ABORTED ...
[move_group-5] [INFO] [1788087216.945358508] [move_group.moveit.moveit.ros.move_group.move_action]: MoveGroupMoveAction: Received request
[move_group-5] [INFO] [1788087216.945687378] [move_group.moveit.moveit.ros.move_group.move_action]: executing..
[move_group-5] [INFO] [1788087216.954510739] [move_group.moveit.moveit.ros.move_group.move_action]: Combined planning and execution request received for MoveGroup action. Forwarding to planning and execution pipeline.
[move_group-5] [WARN] [1788087216.954608173] [move_group.moveit.moveit.ros.move_group.capability]: Execution of motions should always start at the robot's current state. Ignoring the state supplied as difference in the planning scene diff
[move_group-5] [INFO] [1788087216.954633661] [move_group.moveit.moveit.ros.plan_execution]: Planning attempt 1 of at most 1
[move_group-5] [INFO] [1788087216.954715656] [move_group.moveit.moveit.ros.move_group.capability]: Using planning pipeline 'ompl'
[move_group-5] [INFO] [1788087216.954954336] [move_group]: Calling PlanningRequestAdapter 'ResolveConstraintFrames'
[move_group-5] [INFO] [1788087216.955006895] [move_group]: Calling PlanningRequestAdapter 'ValidateWorkspaceBounds'
[move_group-5] [WARN] [1788087216.955023756] [move_group.moveit.moveit.ros.validate_workspace_bounds]: It looks like the planning volume was not specified. Using default values.
[move_group-5] [INFO] [1788087216.955054835] [move_group]: Calling PlanningRequestAdapter 'CheckStartStateBounds'
[move_group-5] [INFO] [1788087216.955508280] [move_group.moveit.moveit.planners.ompl.model_based_planning_context]: Planner configuration 'arm[RRTConnectkConfigDefault]' will use planner 'geometric::RRTConnect'. Additional configuration parameters will be set when the planner is constructed.
[move_group-5] [INFO] [1788087216.955678090] [move_group]: Calling Planner 'OMPL'
[move_group-5] [INFO] [1788087216.964973742] [move_group.moveit.moveit.ros.move_group.move_action]: MoveGroupMoveAction: Received request
[move_group-5] [INFO] [1788087216.965311128] [move_group.moveit.moveit.ros.move_group.move_action]: executing..
[move_group-5] [INFO] [1788087216.968551656] [move_group]: Calling PlanningResponseAdapter 'AddTimeOptimalParameterization'
[move_group-5] [INFO] [1788087216.969225697] [move_group]: Calling PlanningResponseAdapter 'DisplayMotionPath'
[move_group-5] [INFO] [1788087216.969413741] [move_group.moveit.moveit.plugins.simple_controller_manager]: Returned 2 controllers in list
[move_group-5] [INFO] [1788087216.969475969] [move_group.moveit.moveit.plugins.simple_controller_manager]: Returned 2 controllers in list
[move_group-5] [INFO] [1788087216.969647001] [move_group.moveit.moveit.ros.trajectory_execution_manager]: Validating trajectory with allowed_start_tolerance 0.1
[move_group-5] [INFO] [1788087216.974220812] [move_group.moveit.moveit.ros.move_group.move_action]: Combined planning and execution request received for MoveGroup action. Forwarding to planning and execution pipeline.
[move_group-5] [INFO] [1788087216.974291486] [move_group.moveit.moveit.ros.trajectory_execution_manager]: Starting trajectory execution ...
[move_group-5] [WARN] [1788087216.974415409] [move_group.moveit.moveit.ros.move_group.capability]: Execution of motions should always start at the robot's current state. Ignoring the state supplied as difference in the planning scene diff
[move_group-5] [INFO] [1788087216.974449403] [move_group.moveit.moveit.ros.plan_execution]: Planning attempt 1 of at most 1
[move_group-5] [INFO] [1788087216.974488457] [move_group.moveit.moveit.plugins.simple_controller_manager]: Returned 2 controllers in list
[move_group-5] [INFO] [1788087216.974670169] [move_group.moveit.moveit.plugins.simple_controller_manager]: Returned 2 controllers in list
[move_group-5] [INFO] [1788087216.974976818] [moveit.simple_controller_manager.follow_joint_trajectory_controller_handle]: sending trajectory to arm_controller
[move_group-5] [INFO] [1788087216.975277605] [move_group.moveit.moveit.ros.move_group.capability]: Using planning pipeline 'ompl'
[move_group-5] [INFO] [1788087216.975591677] [move_group]: Calling PlanningRequestAdapter 'ResolveConstraintFrames'
[move_group-5] [INFO] [1788087216.975642823] [move_group]: Calling PlanningRequestAdapter 'ValidateWorkspaceBounds'
[move_group-5] [WARN] [1788087216.975658032] [move_group.moveit.moveit.ros.validate_workspace_bounds]: It looks like the planning volume was not specified. Using default values.
[move_group-5] [INFO] [1788087216.975687387] [move_group]: Calling PlanningRequestAdapter 'CheckStartStateBounds'
[move_group-5] [WARN] [1788087216.976078254] [tf2_buffer]: Detected jump back in time. Clearing TF buffer.
[move_group-5] [INFO] [1788087216.976140371] [move_group.moveit.moveit.planners.ompl.model_based_planning_context]: Planner configuration 'arm[RRTConnectkConfigDefault]' will use planner 'geometric::RRTConnect'. Additional configuration parameters will be set when the planner is constructed.
[move_group-5] [INFO] [1788087216.976300623] [move_group]: Calling Planner 'OMPL'
[move_group-5] [INFO] [1788087216.977227250] [moveit.simple_controller_manager.follow_joint_trajectory_controller_handle]: arm_controller started execution
[move_group-5] [INFO] [1788087216.977262436] [moveit.simple_controller_manager.follow_joint_trajectory_controller_handle]: Goal request accepted!
[move_group-5] [INFO] [1788087216.989749854] [move_group]: Calling PlanningResponseAdapter 'AddTimeOptimalParameterization'
[move_group-5] [INFO] [1788087216.990290173] [move_group]: Calling PlanningResponseAdapter 'DisplayMotionPath'
[move_group-5] [ERROR] [1788087216.990438242] [move_group.moveit.moveit.ros.trajectory_execution_manager]: Cannot push a new trajectory while another is being executed
[move_group-5] [ERROR] [1788087216.990512612] [move_group.moveit.moveit.ros.plan_execution]: Apparently trajectory initialization failed
[move_group-5] [INFO] [1788087216.990575170] [move_group.moveit.moveit.ros.move_group.move_action]: CONTROL_FAILED
[move_group-5] [WARN] [1788087216.990732236] [rclcpp_action]: publish_feedback() called on a goal handle not in executing state, ignoring
[move_group-5] [INFO] [1788087216.994487114] [move_group.moveit.moveit.ros.move_group.move_action]: Solution was found and executed.
[move_group-5] [INFO] [1788087216.996892218] [move_group.moveit.moveit.ros.move_group.move_action]: MoveGroupMoveAction: Received request
[move_group-5] [WARN] [1788087216.998300933] [moveit.simple_controller_manager.follow_joint_trajectory_controller_handle]: Controller 'arm_controller' failed with error INVALID_GOAL: Current goal preempted by new incoming action.
[move_group-5] [WARN] [1788087216.998350687] [move_group.moveit.moveit.ros.trajectory_execution_manager]: Controller handle arm_controller reports status ABORTED
[move_group-5] [INFO] [1788087216.998386975] [move_group.moveit.moveit.ros.trajectory_execution_manager]: Completed trajectory execution with status ABORTED ...
[move_group-5] [INFO] [1788087216.999554516] [move_group.moveit.moveit.ros.move_group.move_action]: executing..
[move_group-5] [INFO] [1788087217.006296284] [move_group.moveit.moveit.ros.move_group.move_action]: Combined planning and execution request received for MoveGroup action. Forwarding to planning and execution pipeline.
[move_group-5] [WARN] [1788087217.006383198] [move_group.moveit.moveit.ros.move_group.capability]: Execution of motions should always start at the robot's current state. Ignoring the state supplied as difference in the planning scene diff
[move_group-5] [INFO] [1788087217.006407163] [move_group.moveit.moveit.ros.plan_execution]: Planning attempt 1 of at most 1
[move_group-5] [INFO] [1788087217.006482335] [move_group.moveit.moveit.ros.move_group.capability]: Using planning pipeline 'ompl'
[move_group-5] [INFO] [1788087217.006717608] [move_group]: Calling PlanningRequestAdapter 'ResolveConstraintFrames'
[move_group-5] [INFO] [1788087217.006771280] [move_group]: Calling PlanningRequestAdapter 'ValidateWorkspaceBounds'
[move_group-5] [WARN] [1788087217.006788242] [move_group.moveit.moveit.ros.validate_workspace_bounds]: It looks like the planning volume was not specified. Using default values.
[move_group-5] [INFO] [1788087217.006820462] [move_group]: Calling PlanningRequestAdapter 'CheckStartStateBounds'
[move_group-5] [INFO] [1788087217.007275330] [move_group.moveit.moveit.planners.ompl.model_based_planning_context]: Planner configuration 'arm[RRTConnectkConfigDefault]' will use planner 'geometric::RRTConnect'. Additional configuration parameters will be set when the planner is constructed.
[move_group-5] [INFO] [1788087217.007478292] [move_group]: Calling Planner 'OMPL'
[move_group-5] [INFO] [1788087217.020456426] [move_group]: Calling PlanningResponseAdapter 'AddTimeOptimalParameterization'
[move_group-5] [INFO] [1788087217.020757163] [move_group]: Calling PlanningResponseAdapter 'DisplayMotionPath'
[move_group-5] [INFO] [1788087217.020915932] [move_group.moveit.moveit.plugins.simple_controller_manager]: Returned 2 controllers in list
[move_group-5] [INFO] [1788087217.020960706] [move_group.moveit.moveit.plugins.simple_controller_manager]: Returned 2 controllers in list
[move_group-5] [INFO] [1788087217.021053010] [move_group.moveit.moveit.ros.trajectory_execution_manager]: Validating trajectory with allowed_start_tolerance 0.1
[move_group-5] [INFO] [1788087217.027872705] [move_group.moveit.moveit.ros.trajectory_execution_manager]: Starting trajectory execution ...
[move_group-5] [INFO] [1788087217.028680328] [move_group.moveit.moveit.plugins.simple_controller_manager]: Returned 2 controllers in list
[move_group-5] [INFO] [1788087217.028759798] [move_group.moveit.moveit.plugins.simple_controller_manager]: Returned 2 controllers in list
[move_group-5] [INFO] [1788087217.028988178] [moveit.simple_controller_manager.follow_joint_trajectory_controller_handle]: sending trajectory to arm_controller
[move_group-5] [INFO] [1788087217.029584973] [moveit.simple_controller_manager.follow_joint_trajectory_controller_handle]: arm_controller started execution
[move_group-5] [INFO] [1788087217.029604279] [moveit.simple_controller_manager.follow_joint_trajectory_controller_handle]: Goal request accepted!
[move_group-5] [WARN] [1788087217.069760423] [tf2_buffer]: Detected jump back in time. Clearing TF buffer.
[move_group-5] [INFO] [1788087217.530208400] [moveit.simple_controller_manager.follow_joint_trajectory_controller_handle]: Controller 'arm_controller' successfully finished
[move_group-5] [INFO] [1788087217.530374713] [move_group.moveit.moveit.ros.trajectory_execution_manager]: Completed trajectory execution with status SUCCEEDED ...
[move_group-5] [INFO] [1788087217.538020636] [move_group.moveit.moveit.ros.move_group.move_action]: Solution was found and executed.
[move_group-5] [WARN] [1788087217.538164056] [rclcpp_action]: publish_feedback() called on a goal handle not in executing state, ignoring
[move_group-5] [WARN] [1788087217.746666380] [tf2_buffer]: Detected jump back in time. Clearing TF buffer.
[move_group-5] [WARN] [1788087220.529809869] [tf2_buffer]: Detected jump back in time. Clearing TF buffer.
[move_group-5] [WARN] [1788087220.784582501] [tf2_buffer]: Detected jump back in time. Clearing TF buffer.
[move_group-5] [WARN] [1788087220.837146734] [tf2_buffer]: Detected jump back in time. Clearing TF buffer.
[move_group-5] [WARN] [1788087220.993221462] [tf2_buffer]: Detected jump back in time. Clearing TF buffer.
[move_group-5] [WARN] [1788087223.068486512] [tf2_buffer]: Detected jump back in time. Clearing TF buffer.
[move_group-5] [WARN] [1788087223.530639493] [tf2_buffer]: Detected jump back in time. Clearing TF buffer.
[move_group-5] [WARN] [1788087226.080084645] [tf2_buffer]: Detected jump back in time. Clearing TF buffer.
[move_group-5] [WARN] [1788087227.659591960] [tf2_buffer]: Detected jump back in time. Clearing TF buffer.
[move_group-5] [WARN] [1788087232.993762433] [tf2_buffer]: Detected jump back in time. Clearing TF buffer.
[move_group-5] [WARN] [1788087233.660306637] [tf2_buffer]: Detected jump back in time. Clearing TF buffer.
[move_group-5] [WARN] [1788087233.818757404] [tf2_buffer]: Detected jump back in time. Clearing TF buffer.
[move_group-5] [WARN] [1788087234.822157848] [tf2_buffer]: Detected jump back in time. Clearing TF buffer.
[move_group-5] [WARN] [1788087238.885249698] [tf2_buffer]: Detected jump back in time. Clearing TF buffer.
[move_group-5] [WARN] [1788087247.531247034] [tf2_buffer]: Detected jump back in time. Clearing TF buffer.
[move_group-5] [WARN] [1788087247.994083167] [tf2_buffer]: Detected jump back in time. Clearing TF buffer.
[move_group-5] [WARN] [1788087250.286166645] [tf2_buffer]: Detected jump back in time. Clearing TF buffer.
[move_group-5] [WARN] [1788087250.302333507] [tf2_buffer]: Detected jump back in time. Clearing TF buffer.
[move_group-5] [WARN] [1788087251.020639098] [tf2_buffer]: Detected jump back in time. Clearing TF buffer.
[move_group-5] [WARN] [1788087251.119020475] [tf2_buffer]: Detected jump back in time. Clearing TF buffer.
[move_group-5] [WARN] [1788087251.122516015] [tf2_buffer]: Detected jump back in time. Clearing TF buffer.
[move_group-5] [WARN] [1788087251.124829509] [tf2_buffer]: Detected jump back in time. Clearing TF buffer.
[move_group-5] [WARN] [1788087251.125318239] [tf2_buffer]: Detected jump back in time. Clearing TF buffer.
[move_group-5] [WARN] [1788087251.132514235] [tf2_buffer]: Detected jump back in time. Clearing TF buffer.
[move_group-5] [WARN] [1788087251.134525150] [tf2_buffer]: Detected jump back in time. Clearing TF buffer.
[move_group-5] [WARN] [1788087251.240722509] [tf2_buffer]: Detected jump back in time. Clearing TF buffer.
[move_group-5] [WARN] [1788087251.287219442] [tf2_buffer]: Detected jump back in time. Clearing TF buffer.
[move_group-5] [WARN] [1788087251.293820527] [tf2_buffer]: Detected jump back in time. Clearing TF buffer.
[move_group-5] [WARN] [1788087252.415417308] [tf2_buffer]: Detected jump back in time. Clearing TF buffer.
[move_group-5] [WARN] [1788087252.524652315] [tf2_buffer]: Detected jump back in time. Clearing TF buffer.
[move_group-5] [WARN] [1788087252.669815049] [tf2_buffer]: Detected jump back in time. Clearing TF buffer.
[move_group-5] [WARN] [1788087252.890882232] [tf2_buffer]: Detected jump back in time. Clearing TF buffer.
[move_group-5] [WARN] [1788087253.093583784] [tf2_buffer]: Detected jump back in time. Clearing TF buffer.
[move_group-5] [INFO] [1788087253.873479419] [move_group.moveit.moveit.ros.planning_scene_monitor]: Published update collision object
[move_group-5] [INFO] [1788087253.975650439] [move_group.moveit.moveit.ros.planning_scene_monitor]: Published update collision object
[move_group-5] [INFO] [1788087254.077792735] [move_group.moveit.moveit.ros.planning_scene_monitor]: Published update collision object
[move_group-5] [INFO] [1788087255.184845529] [move_group.moveit.moveit.ros.move_group.move_action]: MoveGroupMoveAction: Received request
[move_group-5] [INFO] [1788087255.186011083] [move_group.moveit.moveit.ros.move_group.move_action]: executing..
[move_group-5] [INFO] [1788087255.191382774] [move_group.moveit.moveit.ros.move_group.move_action]: Combined planning and execution request received for MoveGroup action. Forwarding to planning and execution pipeline.
[move_group-5] [WARN] [1788087255.191501398] [move_group.moveit.moveit.ros.move_group.capability]: Execution of motions should always start at the robot's current state. Ignoring the state supplied as difference in the planning scene diff
[move_group-5] [INFO] [1788087255.191527296] [move_group.moveit.moveit.ros.plan_execution]: Planning attempt 1 of at most 1
[move_group-5] [INFO] [1788087255.191635500] [move_group.moveit.moveit.ros.move_group.capability]: Using planning pipeline 'ompl'
[move_group-5] [INFO] [1788087255.191827371] [move_group]: Calling PlanningRequestAdapter 'ResolveConstraintFrames'
[move_group-5] [INFO] [1788087255.191881954] [move_group]: Calling PlanningRequestAdapter 'ValidateWorkspaceBounds'
[move_group-5] [WARN] [1788087255.191898094] [move_group.moveit.moveit.ros.validate_workspace_bounds]: It looks like the planning volume was not specified. Using default values.
[move_group-5] [INFO] [1788087255.191925897] [move_group]: Calling PlanningRequestAdapter 'CheckStartStateBounds'
[move_group-5] [INFO] [1788087255.192396523] [move_group.moveit.moveit.planners.ompl.model_based_planning_context]: Planner configuration 'arm[RRTConnectkConfigDefault]' will use planner 'geometric::RRTConnect'. Additional configuration parameters will be set when the planner is constructed.
[move_group-5] [INFO] [1788087255.192548068] [move_group]: Calling Planner 'OMPL'
[move_group-5] [INFO] [1788087255.205969742] [move_group]: Calling PlanningResponseAdapter 'AddTimeOptimalParameterization'
[move_group-5] [INFO] [1788087255.206456047] [move_group]: Calling PlanningResponseAdapter 'DisplayMotionPath'
[move_group-5] [INFO] [1788087255.206629083] [move_group.moveit.moveit.plugins.simple_controller_manager]: Returned 2 controllers in list
[move_group-5] [INFO] [1788087255.206671483] [move_group.moveit.moveit.plugins.simple_controller_manager]: Returned 2 controllers in list
[move_group-5] [INFO] [1788087255.206766221] [move_group.moveit.moveit.ros.trajectory_execution_manager]: Validating trajectory with allowed_start_tolerance 0.1
[move_group-5] [INFO] [1788087255.212926076] [move_group.moveit.moveit.ros.trajectory_execution_manager]: Starting trajectory execution ...
[move_group-5] [INFO] [1788087255.213006377] [move_group.moveit.moveit.plugins.simple_controller_manager]: Returned 2 controllers in list
[move_group-5] [INFO] [1788087255.213048807] [move_group.moveit.moveit.plugins.simple_controller_manager]: Returned 2 controllers in list
[move_group-5] [INFO] [1788087255.213223205] [moveit.simple_controller_manager.follow_joint_trajectory_controller_handle]: sending trajectory to arm_controller
[move_group-5] [INFO] [1788087255.214629863] [moveit.simple_controller_manager.follow_joint_trajectory_controller_handle]: arm_controller started execution
[move_group-5] [INFO] [1788087255.214647987] [moveit.simple_controller_manager.follow_joint_trajectory_controller_handle]: Goal request accepted!
[move_group-5] [INFO] [1788087255.227628341] [move_group.moveit.moveit.ros.move_group.move_action]: MoveGroupMoveAction: Received request
[move_group-5] [INFO] [1788087255.227914589] [move_group.moveit.moveit.ros.move_group.move_action]: executing..
[move_group-5] [INFO] [1788087255.232590922] [move_group.moveit.moveit.ros.move_group.move_action]: Combined planning and execution request received for MoveGroup action. Forwarding to planning and execution pipeline.
[move_group-5] [WARN] [1788087255.232661455] [move_group.moveit.moveit.ros.move_group.capability]: Execution of motions should always start at the robot's current state. Ignoring the state supplied as difference in the planning scene diff
[move_group-5] [INFO] [1788087255.232677485] [move_group.moveit.moveit.ros.plan_execution]: Planning attempt 1 of at most 1
[move_group-5] [INFO] [1788087255.232773576] [move_group.moveit.moveit.ros.move_group.capability]: Using planning pipeline 'ompl'
[move_group-5] [INFO] [1788087255.232976027] [move_group]: Calling PlanningRequestAdapter 'ResolveConstraintFrames'
[move_group-5] [INFO] [1788087255.233109568] [move_group]: Calling PlanningRequestAdapter 'ValidateWorkspaceBounds'
[move_group-5] [WARN] [1788087255.233126169] [move_group.moveit.moveit.ros.validate_workspace_bounds]: It looks like the planning volume was not specified. Using default values.
[move_group-5] [INFO] [1788087255.233159121] [move_group]: Calling PlanningRequestAdapter 'CheckStartStateBounds'
[move_group-5] [INFO] [1788087255.233534718] [move_group.moveit.moveit.planners.ompl.model_based_planning_context]: Planner configuration 'arm[RRTConnectkConfigDefault]' will use planner 'geometric::RRTConnect'. Additional configuration parameters will be set when the planner is constructed.
[move_group-5] [INFO] [1788087255.233656327] [move_group]: Calling Planner 'OMPL'
[move_group-5] [INFO] [1788087255.246770542] [move_group]: Calling PlanningResponseAdapter 'AddTimeOptimalParameterization'
[move_group-5] [INFO] [1788087255.247346847] [move_group]: Calling PlanningResponseAdapter 'DisplayMotionPath'
[move_group-5] [ERROR] [1788087255.247573885] [move_group.moveit.moveit.ros.trajectory_execution_manager]: Cannot push a new trajectory while another is being executed
[move_group-5] [ERROR] [1788087255.247647213] [move_group.moveit.moveit.ros.plan_execution]: Apparently trajectory initialization failed
[move_group-5] [INFO] [1788087255.247720030] [move_group.moveit.moveit.ros.move_group.move_action]: CONTROL_FAILED
[move_group-5] [WARN] [1788087255.247859392] [rclcpp_action]: publish_feedback() called on a goal handle not in executing state, ignoring
[move_group-5] [WARN] [1788087255.248393467] [tf2_buffer]: Detected jump back in time. Clearing TF buffer.
[move_group-5] [INFO] [1788087255.252408114] [move_group.moveit.moveit.ros.move_group.move_action]: MoveGroupMoveAction: Received request
[move_group-5] [INFO] [1788087255.252813628] [move_group.moveit.moveit.ros.move_group.move_action]: executing..
[move_group-5] [INFO] [1788087255.252930928] [move_group.moveit.moveit.ros.move_group.move_action]: Combined planning and execution request received for MoveGroup action. Forwarding to planning and execution pipeline.
[move_group-5] [WARN] [1788087255.252990571] [move_group.moveit.moveit.ros.move_group.capability]: Execution of motions should always start at the robot's current state. Ignoring the state supplied as difference in the planning scene diff
[move_group-5] [INFO] [1788087255.253013744] [move_group.moveit.moveit.ros.plan_execution]: Planning attempt 1 of at most 1
[move_group-5] [INFO] [1788087255.253089427] [move_group.moveit.moveit.ros.move_group.capability]: Using planning pipeline 'ompl'
[move_group-5] [INFO] [1788087255.253283422] [move_group]: Calling PlanningRequestAdapter 'ResolveConstraintFrames'
[move_group-5] [INFO] [1788087255.253333646] [move_group]: Calling PlanningRequestAdapter 'ValidateWorkspaceBounds'
[move_group-5] [WARN] [1788087255.253346571] [move_group.moveit.moveit.ros.validate_workspace_bounds]: It looks like the planning volume was not specified. Using default values.
[move_group-5] [INFO] [1788087255.253376187] [move_group]: Calling PlanningRequestAdapter 'CheckStartStateBounds'
[move_group-5] [INFO] [1788087255.253646926] [move_group.moveit.moveit.ros.move_group.move_action]: Solution was found and executed.
[move_group-5] [INFO] [1788087255.254223021] [move_group.moveit.moveit.planners.ompl.model_based_planning_context]: Planner configuration 'arm[RRTConnectkConfigDefault]' will use planner 'geometric::RRTConnect'. Additional configuration parameters will be set when the planner is constructed.
[move_group-5] [INFO] [1788087255.254360730] [move_group]: Calling Planner 'OMPL'
[move_group-5] [WARN] [1788087255.255725268] [moveit.simple_controller_manager.follow_joint_trajectory_controller_handle]: Controller 'arm_controller' failed with error INVALID_GOAL: Current goal preempted by new incoming action.
[move_group-5] [WARN] [1788087255.255810018] [move_group.moveit.moveit.ros.trajectory_execution_manager]: Controller handle arm_controller reports status ABORTED
[move_group-5] [INFO] [1788087255.255851596] [move_group.moveit.moveit.ros.trajectory_execution_manager]: Completed trajectory execution with status ABORTED ...
[move_group-5] [INFO] [1788087255.267309955] [move_group]: Calling PlanningResponseAdapter 'AddTimeOptimalParameterization'
[move_group-5] [INFO] [1788087255.267795368] [move_group]: Calling PlanningResponseAdapter 'DisplayMotionPath'
[move_group-5] [INFO] [1788087255.267903502] [move_group.moveit.moveit.plugins.simple_controller_manager]: Returned 2 controllers in list
[move_group-5] [INFO] [1788087255.267944810] [move_group.moveit.moveit.plugins.simple_controller_manager]: Returned 2 controllers in list
[move_group-5] [INFO] [1788087255.268041422] [move_group.moveit.moveit.ros.trajectory_execution_manager]: Validating trajectory with allowed_start_tolerance 0.1
[move_group-5] [INFO] [1788087255.274501932] [move_group.moveit.moveit.ros.trajectory_execution_manager]: Starting trajectory execution ...
[move_group-5] [INFO] [1788087255.274589888] [move_group.moveit.moveit.plugins.simple_controller_manager]: Returned 2 controllers in list
[move_group-5] [INFO] [1788087255.274631827] [move_group.moveit.moveit.plugins.simple_controller_manager]: Returned 2 controllers in list
[move_group-5] [INFO] [1788087255.274834198] [moveit.simple_controller_manager.follow_joint_trajectory_controller_handle]: sending trajectory to arm_controller
[move_group-5] [INFO] [1788087255.275615599] [moveit.simple_controller_manager.follow_joint_trajectory_controller_handle]: arm_controller started execution
[move_group-5] [INFO] [1788087255.275639343] [moveit.simple_controller_manager.follow_joint_trajectory_controller_handle]: Goal request accepted!
[move_group-5] [INFO] [1788087255.275857714] [move_group.moveit.moveit.ros.move_group.move_action]: MoveGroupMoveAction: Received request
[move_group-5] [INFO] [1788087255.276166556] [move_group.moveit.moveit.ros.move_group.move_action]: executing..
[move_group-5] [INFO] [1788087255.284518847] [move_group.moveit.moveit.ros.move_group.move_action]: Combined planning and execution request received for MoveGroup action. Forwarding to planning and execution pipeline.
[move_group-5] [WARN] [1788087255.284619918] [move_group.moveit.moveit.ros.move_group.capability]: Execution of motions should always start at the robot's current state. Ignoring the state supplied as difference in the planning scene diff
[move_group-5] [INFO] [1788087255.284643111] [move_group.moveit.moveit.ros.plan_execution]: Planning attempt 1 of at most 1
[move_group-5] [INFO] [1788087255.284731878] [move_group.moveit.moveit.ros.move_group.capability]: Using planning pipeline 'ompl'
[move_group-5] [INFO] [1788087255.285126151] [move_group]: Calling PlanningRequestAdapter 'ResolveConstraintFrames'
[move_group-5] [INFO] [1788087255.285264661] [move_group]: Calling PlanningRequestAdapter 'ValidateWorkspaceBounds'
[move_group-5] [WARN] [1788087255.285285420] [move_group.moveit.moveit.ros.validate_workspace_bounds]: It looks like the planning volume was not specified. Using default values.
[move_group-5] [INFO] [1788087255.285323262] [move_group]: Calling PlanningRequestAdapter 'CheckStartStateBounds'
[move_group-5] [INFO] [1788087255.285781745] [move_group.moveit.moveit.planners.ompl.model_based_planning_context]: Planner configuration 'arm[RRTConnectkConfigDefault]' will use planner 'geometric::RRTConnect'. Additional configuration parameters will be set when the planner is constructed.
[move_group-5] [INFO] [1788087255.285921307] [move_group]: Calling Planner 'OMPL'
[move_group-5] [INFO] [1788087255.298881192] [move_group]: Calling PlanningResponseAdapter 'AddTimeOptimalParameterization'
[move_group-5] [INFO] [1788087255.299403956] [move_group]: Calling PlanningResponseAdapter 'DisplayMotionPath'
[move_group-5] [ERROR] [1788087255.299593984] [move_group.moveit.moveit.ros.trajectory_execution_manager]: Cannot push a new trajectory while another is being executed
[move_group-5] [ERROR] [1788087255.299655329] [move_group.moveit.moveit.ros.plan_execution]: Apparently trajectory initialization failed
[move_group-5] [INFO] [1788087255.299719610] [move_group.moveit.moveit.ros.move_group.move_action]: CONTROL_FAILED
[move_group-5] [WARN] [1788087255.299885673] [rclcpp_action]: publish_feedback() called on a goal handle not in executing state, ignoring
[move_group-5] [INFO] [1788087255.304362009] [move_group.moveit.moveit.ros.move_group.move_action]: MoveGroupMoveAction: Received request
[move_group-5] [INFO] [1788087255.304609475] [move_group.moveit.moveit.ros.move_group.move_action]: executing..
[move_group-5] [INFO] [1788087255.304587714] [move_group.moveit.moveit.ros.move_group.move_action]: Solution was found and executed.
[move_group-5] [INFO] [1788087255.305693856] [move_group.moveit.moveit.ros.move_group.move_action]: Combined planning and execution request received for MoveGroup action. Forwarding to planning and execution pipeline.
[move_group-5] [WARN] [1788087255.305751234] [move_group.moveit.moveit.ros.move_group.capability]: Execution of motions should always start at the robot's current state. Ignoring the state supplied as difference in the planning scene diff
[move_group-5] [INFO] [1788087255.305766222] [move_group.moveit.moveit.ros.plan_execution]: Planning attempt 1 of at most 1
[move_group-5] [INFO] [1788087255.305779397] [move_group.moveit.moveit.ros.move_group.capability]: Using planning pipeline 'ompl'
[move_group-5] [INFO] [1788087255.305954637] [move_group]: Calling PlanningRequestAdapter 'ResolveConstraintFrames'
[move_group-5] [INFO] [1788087255.306004641] [move_group]: Calling PlanningRequestAdapter 'ValidateWorkspaceBounds'
[move_group-5] [WARN] [1788087255.306019709] [move_group.moveit.moveit.ros.validate_workspace_bounds]: It looks like the planning volume was not specified. Using default values.
[move_group-5] [INFO] [1788087255.306047732] [move_group]: Calling PlanningRequestAdapter 'CheckStartStateBounds'
[move_group-5] [INFO] [1788087255.306449278] [move_group.moveit.moveit.planners.ompl.model_based_planning_context]: Planner configuration 'arm[RRTConnectkConfigDefault]' will use planner 'geometric::RRTConnect'. Additional configuration parameters will be set when the planner is constructed.
[move_group-5] [INFO] [1788087255.306601755] [move_group]: Calling Planner 'OMPL'
[move_group-5] [WARN] [1788087255.307001227] [moveit.simple_controller_manager.follow_joint_trajectory_controller_handle]: Controller 'arm_controller' failed with error INVALID_GOAL: Current goal preempted by new incoming action.
[move_group-5] [WARN] [1788087255.307583092] [move_group.moveit.moveit.ros.trajectory_execution_manager]: Controller handle arm_controller reports status ABORTED
[move_group-5] [INFO] [1788087255.307628428] [move_group.moveit.moveit.ros.trajectory_execution_manager]: Completed trajectory execution with status ABORTED ...
[move_group-5] [INFO] [1788087255.310112373] [move_group]: Calling PlanningResponseAdapter 'AddTimeOptimalParameterization'
[move_group-5] [INFO] [1788087255.310546230] [move_group]: Calling PlanningResponseAdapter 'DisplayMotionPath'
[move_group-5] [INFO] [1788087255.310679010] [move_group.moveit.moveit.plugins.simple_controller_manager]: Returned 2 controllers in list
[move_group-5] [INFO] [1788087255.310742940] [move_group.moveit.moveit.plugins.simple_controller_manager]: Returned 2 controllers in list
[move_group-5] [INFO] [1788087255.310871522] [move_group.moveit.moveit.ros.trajectory_execution_manager]: Validating trajectory with allowed_start_tolerance 0.1
[move_group-5] [INFO] [1788087255.315712344] [move_group.moveit.moveit.ros.trajectory_execution_manager]: Starting trajectory execution ...
[move_group-5] [INFO] [1788087255.315801081] [move_group.moveit.moveit.plugins.simple_controller_manager]: Returned 2 controllers in list
[move_group-5] [INFO] [1788087255.315838912] [move_group.moveit.moveit.plugins.simple_controller_manager]: Returned 2 controllers in list
[move_group-5] [INFO] [1788087255.315981791] [moveit.simple_controller_manager.follow_joint_trajectory_controller_handle]: sending trajectory to arm_controller
[move_group-5] [INFO] [1788087255.316671971] [moveit.simple_controller_manager.follow_joint_trajectory_controller_handle]: arm_controller started execution
[move_group-5] [INFO] [1788087255.316697889] [moveit.simple_controller_manager.follow_joint_trajectory_controller_handle]: Goal request accepted!
[move_group-5] [WARN] [1788087255.326888301] [moveit.simple_controller_manager.follow_joint_trajectory_controller_handle]: Controller 'arm_controller' failed with error INVALID_GOAL: Current goal preempted by new incoming action.
[move_group-5] [WARN] [1788087255.327039736] [move_group.moveit.moveit.ros.trajectory_execution_manager]: Controller handle arm_controller reports status ABORTED
[move_group-5] [INFO] [1788087255.327084280] [move_group.moveit.moveit.ros.trajectory_execution_manager]: Completed trajectory execution with status ABORTED ...
[move_group-5] [INFO] [1788087255.335837607] [move_group.moveit.moveit.ros.move_group.move_action]: CONTROL_FAILED
[move_group-5] [INFO] [1788087255.340519359] [move_group.moveit.moveit.ros.move_group.move_action]: MoveGroupMoveAction: Received request
[move_group-5] [INFO] [1788087255.340838280] [move_group.moveit.moveit.ros.move_group.move_action]: executing..
[move_group-5] [INFO] [1788087255.345751979] [move_group.moveit.moveit.ros.move_group.move_action]: Combined planning and execution request received for MoveGroup action. Forwarding to planning and execution pipeline.
[move_group-5] [WARN] [1788087255.345864601] [move_group.moveit.moveit.ros.move_group.capability]: Execution of motions should always start at the robot's current state. Ignoring the state supplied as difference in the planning scene diff
[move_group-5] [INFO] [1788087255.345892323] [move_group.moveit.moveit.ros.plan_execution]: Planning attempt 1 of at most 1
[move_group-5] [INFO] [1788087255.345970390] [move_group.moveit.moveit.ros.move_group.capability]: Using planning pipeline 'ompl'
[move_group-5] [INFO] [1788087255.346236892] [move_group]: Calling PlanningRequestAdapter 'ResolveConstraintFrames'
[move_group-5] [INFO] [1788087255.346289811] [move_group]: Calling PlanningRequestAdapter 'ValidateWorkspaceBounds'
[move_group-5] [WARN] [1788087255.346305631] [move_group.moveit.moveit.ros.validate_workspace_bounds]: It looks like the planning volume was not specified. Using default values.
[move_group-5] [INFO] [1788087255.346335487] [move_group]: Calling PlanningRequestAdapter 'CheckStartStateBounds'
[move_group-5] [INFO] [1788087255.346759676] [move_group.moveit.moveit.planners.ompl.model_based_planning_context]: Planner configuration 'arm[RRTConnectkConfigDefault]' will use planner 'geometric::RRTConnect'. Additional configuration parameters will be set when the planner is constructed.
[move_group-5] [INFO] [1788087255.346886695] [move_group]: Calling Planner 'OMPL'
[move_group-5] [INFO] [1788087255.359397344] [move_group]: Calling PlanningResponseAdapter 'AddTimeOptimalParameterization'
[move_group-5] [INFO] [1788087255.359792698] [move_group]: Calling PlanningResponseAdapter 'DisplayMotionPath'
[move_group-5] [INFO] [1788087255.359966195] [move_group.moveit.moveit.plugins.simple_controller_manager]: Returned 2 controllers in list
[move_group-5] [INFO] [1788087255.360016960] [move_group.moveit.moveit.plugins.simple_controller_manager]: Returned 2 controllers in list
[move_group-5] [INFO] [1788087255.360126717] [move_group.moveit.moveit.ros.trajectory_execution_manager]: Validating trajectory with allowed_start_tolerance 0.1
[move_group-5] [INFO] [1788087255.365887921] [move_group.moveit.moveit.ros.trajectory_execution_manager]: Starting trajectory execution ...
[move_group-5] [INFO] [1788087255.365989412] [move_group.moveit.moveit.plugins.simple_controller_manager]: Returned 2 controllers in list
[move_group-5] [INFO] [1788087255.366039697] [move_group.moveit.moveit.plugins.simple_controller_manager]: Returned 2 controllers in list
[move_group-5] [INFO] [1788087255.366219896] [moveit.simple_controller_manager.follow_joint_trajectory_controller_handle]: sending trajectory to arm_controller
[move_group-5] [INFO] [1788087255.366746998] [moveit.simple_controller_manager.follow_joint_trajectory_controller_handle]: arm_controller started execution
[move_group-5] [INFO] [1788087255.366767247] [moveit.simple_controller_manager.follow_joint_trajectory_controller_handle]: Goal request accepted!
[move_group-5] [WARN] [1788087255.857360968] [tf2_buffer]: Detected jump back in time. Clearing TF buffer.
[move_group-5] [INFO] [1788087255.967276456] [moveit.simple_controller_manager.follow_joint_trajectory_controller_handle]: Controller 'arm_controller' successfully finished
[move_group-5] [INFO] [1788087255.968654820] [move_group.moveit.moveit.ros.trajectory_execution_manager]: Completed trajectory execution with status SUCCEEDED ...
[move_group-5] [INFO] [1788087255.976056753] [move_group.moveit.moveit.ros.move_group.move_action]: Solution was found and executed.
[move_group-5] [WARN] [1788087255.976166360] [rclcpp_action]: publish_feedback() called on a goal handle not in executing state, ignoring
[move_group-5] [WARN] [1788087257.882226593] [tf2_buffer]: Detected jump back in time. Clearing TF buffer.
[move_group-5] [WARN] [1788087258.859121306] [tf2_buffer]: Detected jump back in time. Clearing TF buffer.
[move_group-5] [WARN] [1788087260.043459577] [tf2_buffer]: Detected jump back in time. Clearing TF buffer.
[move_group-5] [WARN] [1788087260.046200837] [tf2_buffer]: Detected jump back in time. Clearing TF buffer.
[move_group-5] [WARN] [1788087260.054581062] [tf2_buffer]: Detected jump back in time. Clearing TF buffer.
[move_group-5] [WARN] [1788087260.327480400] [tf2_buffer]: Detected jump back in time. Clearing TF buffer.
[move_group-5] [WARN] [1788087260.837035012] [tf2_buffer]: Detected jump back in time. Clearing TF buffer.
[move_group-5] [WARN] [1788087260.912422527] [tf2_buffer]: Detected jump back in time. Clearing TF buffer.
[move_group-5] [WARN] [1788087263.663606887] [tf2_buffer]: Detected jump back in time. Clearing TF buffer.
[move_group-5] [WARN] [1788087890.375538290] [tf2_buffer]: Detected jump back in time. Clearing TF buffer.
[move_group-5] [WARN] [1788087893.278943916] [tf2_buffer]: Detected jump back in time. Clearing TF buffer.
[move_group-5] [WARN] [1788087893.331208415] [tf2_buffer]: Detected jump back in time. Clearing TF buffer.
[move_group-5] [WARN] [1788087893.351313038] [tf2_buffer]: Detected jump back in time. Clearing TF buffer.
[move_group-5] [WARN] [1788087893.353086085] [tf2_buffer]: Detected jump back in time. Clearing TF buffer.
[move_group-5] [WARN] [1788087893.371951025] [tf2_buffer]: Detected jump back in time. Clearing TF buffer.
[move_group-5] [WARN] [1788087893.372208660] [tf2_buffer]: Detected jump back in time. Clearing TF buffer.
[move_group-5] [WARN] [1788087893.393145791] [tf2_buffer]: Detected jump back in time. Clearing TF buffer.
[move_group-5] [WARN] [1788087893.394301867] [tf2_buffer]: Detected jump back in time. Clearing TF buffer.
[move_group-5] [WARN] [1788087893.844471299] [tf2_buffer]: Detected jump back in time. Clearing TF buffer.
[move_group-5] [WARN] [1788087893.969398282] [tf2_buffer]: Detected jump back in time. Clearing TF buffer.
[move_group-5] [WARN] [1788087893.969686274] [tf2_buffer]: Detected jump back in time. Clearing TF buffer.
[robot_state_publisher-2] [WARN] [1788087894.184150835] [robot_state_publisher]: Moved backwards in time, re-publishing joint transforms!
[move_group-5] [WARN] [1788087894.844593990] [tf2_buffer]: Detected jump back in time. Clearing TF buffer.
[move_group-5] [WARN] [1788087894.901302433] [tf2_buffer]: Detected jump back in time. Clearing TF buffer.
[move_group-5] [WARN] [1788087894.901626693] [tf2_buffer]: Detected jump back in time. Clearing TF buffer.
[move_group-5] [WARN] [1788087895.281518080] [tf2_buffer]: Detected jump back in time. Clearing TF buffer.
[move_group-5] [WARN] [1788087895.397952327] [tf2_buffer]: Detected jump back in time. Clearing TF buffer.
[move_group-5] [WARN] [1788087895.405705000] [tf2_buffer]: Detected jump back in time. Clearing TF buffer.
[move_group-5] [WARN] [1788087895.407686109] [tf2_buffer]: Detected jump back in time. Clearing TF buffer.
[move_group-5] [WARN] [1788087895.415527469] [tf2_buffer]: Detected jump back in time. Clearing TF buffer.
[move_group-5] [WARN] [1788087895.543667108] [tf2_buffer]: Detected jump back in time. Clearing TF buffer.
[move_group-5] [WARN] [1788087895.663602926] [tf2_buffer]: Detected jump back in time. Clearing TF buffer.
[move_group-5] [WARN] [1788087895.941558838] [tf2_buffer]: Detected jump back in time. Clearing TF buffer.
[move_group-5] [WARN] [1788087897.061648194] [tf2_buffer]: Detected jump back in time. Clearing TF buffer.
[move_group-5] [WARN] [1788087897.102864756] [tf2_buffer]: Detected jump back in time. Clearing TF buffer.
[move_group-5] [WARN] [1788087897.170027508] [tf2_buffer]: Detected jump back in time. Clearing TF buffer.
[move_group-5] [WARN] [1788087897.170152493] [tf2_buffer]: Detected jump back in time. Clearing TF buffer.
[move_group-5] [WARN] [1788087897.457770853] [tf2_buffer]: Detected jump back in time. Clearing TF buffer.
[move_group-5] [WARN] [1788087897.555551547] [tf2_buffer]: Detected jump back in time. Clearing TF buffer.
[move_group-5] [WARN] [1788087897.715950940] [tf2_buffer]: Detected jump back in time. Clearing TF buffer.
[move_group-5] [WARN] [1788087897.955576773] [tf2_buffer]: Detected jump back in time. Clearing TF buffer.
[move_group-5] [WARN] [1788087897.996904655] [tf2_buffer]: Detected jump back in time. Clearing TF buffer.
[move_group-5] [WARN] [1788087899.062048285] [tf2_buffer]: Detected jump back in time. Clearing TF buffer.
[move_group-5] [WARN] [1788087899.464077342] [tf2_buffer]: Detected jump back in time. Clearing TF buffer.
[move_group-5] [WARN] [1788087900.130311267] [tf2_buffer]: Detected jump back in time. Clearing TF buffer.
[move_group-5] [WARN] [1788087900.943293720] [tf2_buffer]: Detected jump back in time. Clearing TF buffer.
[move_group-5] [WARN] [1788087905.610984946] [tf2_buffer]: Detected jump back in time. Clearing TF buffer.
[move_group-5] [WARN] [1788087905.627988632] [tf2_buffer]: Detected jump back in time. Clearing TF buffer.
[move_group-5] [WARN] [1788087906.192216008] [tf2_buffer]: Detected jump back in time. Clearing TF buffer.
[move_group-5] [WARN] [1788087906.202986772] [tf2_buffer]: Detected jump back in time. Clearing TF buffer.
[move_group-5] [WARN] [1788087906.203854916] [tf2_buffer]: Detected jump back in time. Clearing TF buffer.
[move_group-5] [WARN] [1788087906.230793082] [tf2_buffer]: Detected jump back in time. Clearing TF buffer.
[move_group-5] [WARN] [1788087906.263874953] [tf2_buffer]: Detected jump back in time. Clearing TF buffer.
[move_group-5] [WARN] [1788087906.302295012] [tf2_buffer]: Detected jump back in time. Clearing TF buffer.
[move_group-5] [WARN] [1788087906.358228988] [tf2_buffer]: Detected jump back in time. Clearing TF buffer.
[move_group-5] [WARN] [1788087907.031790455] [tf2_buffer]: Detected jump back in time. Clearing TF buffer.
[move_group-5] [INFO] [1788087907.037009569] [move_group.moveit.moveit.ros.planning_scene_monitor]: Published update collision object
[move_group-5] [INFO] [1788087907.138649929] [move_group.moveit.moveit.ros.planning_scene_monitor]: Published update collision object
[move_group-5] [INFO] [1788087907.240519911] [move_group.moveit.moveit.ros.planning_scene_monitor]: Published update collision object
[move_group-5] [WARN] [1788087907.366755877] [tf2_buffer]: Detected jump back in time. Clearing TF buffer.
[move_group-5] [WARN] [1788087907.518259616] [tf2_buffer]: Detected jump back in time. Clearing TF buffer.
[move_group-5] [WARN] [1788087908.200424698] [tf2_buffer]: Detected jump back in time. Clearing TF buffer.
[move_group-5] [INFO] [1788087908.347924550] [move_group.moveit.moveit.ros.move_group.move_action]: MoveGroupMoveAction: Received request
[move_group-5] [INFO] [1788087908.348276803] [move_group.moveit.moveit.ros.move_group.move_action]: executing..
[move_group-5] [INFO] [1788087908.354606628] [move_group.moveit.moveit.ros.move_group.move_action]: Combined planning and execution request received for MoveGroup action. Forwarding to planning and execution pipeline.
[move_group-5] [WARN] [1788087908.354720011] [move_group.moveit.moveit.ros.move_group.capability]: Execution of motions should always start at the robot's current state. Ignoring the state supplied as difference in the planning scene diff
[move_group-5] [INFO] [1788087908.354745589] [move_group.moveit.moveit.ros.plan_execution]: Planning attempt 1 of at most 5
[move_group-5] [INFO] [1788087908.354839927] [move_group.moveit.moveit.ros.move_group.capability]: Using planning pipeline 'ompl'
[move_group-5] [INFO] [1788087908.355159488] [move_group]: Calling PlanningRequestAdapter 'ResolveConstraintFrames'
[move_group-5] [INFO] [1788087908.355232967] [move_group]: Calling PlanningRequestAdapter 'ValidateWorkspaceBounds'
[move_group-5] [WARN] [1788087908.355250640] [move_group.moveit.moveit.ros.validate_workspace_bounds]: It looks like the planning volume was not specified. Using default values.
[move_group-5] [INFO] [1788087908.355285325] [move_group]: Calling PlanningRequestAdapter 'CheckStartStateBounds'
[move_group-5] [INFO] [1788087908.355986124] [move_group.moveit.moveit.planners.ompl.model_based_planning_context]: Planner configuration 'arm[RRTConnectkConfigDefault]' will use planner 'geometric::RRTConnect'. Additional configuration parameters will be set when the planner is constructed.
[move_group-5] [INFO] [1788087908.356126649] [move_group]: Calling Planner 'OMPL'
[move_group-5] [INFO] [1788087908.369399342] [move_group]: Calling PlanningResponseAdapter 'AddTimeOptimalParameterization'
[move_group-5] [INFO] [1788087908.369977090] [move_group]: Calling PlanningResponseAdapter 'DisplayMotionPath'
[move_group-5] [INFO] [1788087908.370239885] [move_group.moveit.moveit.plugins.simple_controller_manager]: Returned 2 controllers in list
[move_group-5] [INFO] [1788087908.370301270] [move_group.moveit.moveit.plugins.simple_controller_manager]: Returned 2 controllers in list
[move_group-5] [INFO] [1788087908.370430283] [move_group.moveit.moveit.ros.trajectory_execution_manager]: Validating trajectory with allowed_start_tolerance 0.1
[move_group-5] [INFO] [1788087908.378035518] [move_group.moveit.moveit.ros.trajectory_execution_manager]: Starting trajectory execution ...
[move_group-5] [INFO] [1788087908.378137591] [move_group.moveit.moveit.plugins.simple_controller_manager]: Returned 2 controllers in list
[move_group-5] [INFO] [1788087908.378207081] [move_group.moveit.moveit.plugins.simple_controller_manager]: Returned 2 controllers in list
[move_group-5] [INFO] [1788087908.378434660] [moveit.simple_controller_manager.follow_joint_trajectory_controller_handle]: sending trajectory to arm_controller
[move_group-5] [INFO] [1788087908.379219838] [moveit.simple_controller_manager.follow_joint_trajectory_controller_handle]: arm_controller started execution
[move_group-5] [INFO] [1788087908.379242340] [moveit.simple_controller_manager.follow_joint_trajectory_controller_handle]: Goal request accepted!
[move_group-5] [WARN] [1788087908.380715603] [moveit.simple_controller_manager.follow_joint_trajectory_controller_handle]: Controller 'arm_controller' failed with error INVALID_GOAL: Current goal preempted by new incoming action.
[move_group-5] [WARN] [1788087908.381428155] [move_group.moveit.moveit.ros.trajectory_execution_manager]: Controller handle arm_controller reports status ABORTED
[move_group-5] [INFO] [1788087908.381485032] [move_group.moveit.moveit.ros.trajectory_execution_manager]: Completed trajectory execution with status ABORTED ...
[move_group-5] [INFO] [1788087908.388297936] [move_group.moveit.moveit.ros.move_group.move_action]: CONTROL_FAILED
[move_group-5] [WARN] [1788087908.388588252] [rclcpp_action]: publish_feedback() called on a goal handle not in executing state, ignoring
[move_group-5] [INFO] [1788087908.395128383] [move_group.moveit.moveit.ros.move_group.move_action]: MoveGroupMoveAction: Received request
[move_group-5] [INFO] [1788087908.395378203] [move_group.moveit.moveit.ros.move_group.move_action]: executing..
[move_group-5] [INFO] [1788087908.398210164] [move_group.moveit.moveit.ros.move_group.move_action]: Combined planning and execution request received for MoveGroup action. Forwarding to planning and execution pipeline.
[move_group-5] [WARN] [1788087908.398331272] [move_group.moveit.moveit.ros.move_group.capability]: Execution of motions should always start at the robot's current state. Ignoring the state supplied as difference in the planning scene diff
[move_group-5] [INFO] [1788087908.398360336] [move_group.moveit.moveit.ros.plan_execution]: Planning attempt 1 of at most 5
[move_group-5] [INFO] [1788087908.398470464] [move_group.moveit.moveit.ros.move_group.capability]: Using planning pipeline 'ompl'
[move_group-5] [INFO] [1788087908.398917796] [move_group]: Calling PlanningRequestAdapter 'ResolveConstraintFrames'
[move_group-5] [INFO] [1788087908.398985383] [move_group]: Calling PlanningRequestAdapter 'ValidateWorkspaceBounds'
[move_group-5] [WARN] [1788087908.399000892] [move_group.moveit.moveit.ros.validate_workspace_bounds]: It looks like the planning volume was not specified. Using default values.
[move_group-5] [INFO] [1788087908.399034826] [move_group]: Calling PlanningRequestAdapter 'CheckStartStateBounds'
[move_group-5] [INFO] [1788087908.399790438] [move_group.moveit.moveit.planners.ompl.model_based_planning_context]: Planner configuration 'arm[RRTConnectkConfigDefault]' will use planner 'geometric::RRTConnect'. Additional configuration parameters will be set when the planner is constructed.
[move_group-5] [INFO] [1788087908.399997418] [move_group]: Calling Planner 'OMPL'
[move_group-5] [INFO] [1788087908.412804254] [move_group.moveit.moveit.ros.move_group.move_action]: MoveGroupMoveAction: Received request
[move_group-5] [INFO] [1788087908.413059184] [move_group.moveit.moveit.ros.move_group.move_action]: executing..
[move_group-5] [INFO] [1788087908.414025433] [move_group]: Calling PlanningResponseAdapter 'AddTimeOptimalParameterization'
[move_group-5] [INFO] [1788087908.414509534] [move_group]: Calling PlanningResponseAdapter 'DisplayMotionPath'
[move_group-5] [INFO] [1788087908.415144880] [move_group.moveit.moveit.plugins.simple_controller_manager]: Returned 2 controllers in list
[move_group-5] [INFO] [1788087908.415602792] [move_group.moveit.moveit.plugins.simple_controller_manager]: Returned 2 controllers in list
[move_group-5] [INFO] [1788087908.415774315] [move_group.moveit.moveit.ros.trajectory_execution_manager]: Validating trajectory with allowed_start_tolerance 0.1
[move_group-5] [INFO] [1788087908.421459266] [move_group.moveit.moveit.ros.trajectory_execution_manager]: Starting trajectory execution ...
[move_group-5] [INFO] [1788087908.421582949] [move_group.moveit.moveit.ros.move_group.move_action]: Combined planning and execution request received for MoveGroup action. Forwarding to planning and execution pipeline.
[move_group-5] [WARN] [1788087908.421669031] [move_group.moveit.moveit.ros.move_group.capability]: Execution of motions should always start at the robot's current state. Ignoring the state supplied as difference in the planning scene diff
[move_group-5] [INFO] [1788087908.421826297] [move_group.moveit.moveit.ros.plan_execution]: Planning attempt 1 of at most 5
[move_group-5] [INFO] [1788087908.421898372] [move_group.moveit.moveit.plugins.simple_controller_manager]: Returned 2 controllers in list
[move_group-5] [INFO] [1788087908.421948507] [move_group.moveit.moveit.ros.move_group.capability]: Using planning pipeline 'ompl'
[move_group-5] [INFO] [1788087908.421992630] [move_group.moveit.moveit.plugins.simple_controller_manager]: Returned 2 controllers in list
[move_group-5] [INFO] [1788087908.422263129] [moveit.simple_controller_manager.follow_joint_trajectory_controller_handle]: sending trajectory to arm_controller
[move_group-5] [INFO] [1788087908.422283327] [move_group]: Calling PlanningRequestAdapter 'ResolveConstraintFrames'
[move_group-5] [INFO] [1788087908.422327751] [move_group]: Calling PlanningRequestAdapter 'ValidateWorkspaceBounds'
[move_group-5] [WARN] [1788087908.422339282] [move_group.moveit.moveit.ros.validate_workspace_bounds]: It looks like the planning volume was not specified. Using default values.
[move_group-5] [INFO] [1788087908.422368107] [move_group]: Calling PlanningRequestAdapter 'CheckStartStateBounds'
[move_group-5] [INFO] [1788087908.422817733] [move_group.moveit.moveit.planners.ompl.model_based_planning_context]: Planner configuration 'arm[RRTConnectkConfigDefault]' will use planner 'geometric::RRTConnect'. Additional configuration parameters will be set when the planner is constructed.
[move_group-5] [INFO] [1788087908.423009053] [move_group]: Calling Planner 'OMPL'
[move_group-5] [INFO] [1788087908.424243417] [moveit.simple_controller_manager.follow_joint_trajectory_controller_handle]: arm_controller started execution
[move_group-5] [INFO] [1788087908.424267221] [moveit.simple_controller_manager.follow_joint_trajectory_controller_handle]: Goal request accepted!
[move_group-5] [INFO] [1788087908.436223898] [move_group]: Calling PlanningResponseAdapter 'AddTimeOptimalParameterization'
[move_group-5] [INFO] [1788087908.436819459] [move_group]: Calling PlanningResponseAdapter 'DisplayMotionPath'
[move_group-5] [ERROR] [1788087908.437031207] [move_group.moveit.moveit.ros.trajectory_execution_manager]: Cannot push a new trajectory while another is being executed
[move_group-5] [ERROR] [1788087908.437114274] [move_group.moveit.moveit.ros.plan_execution]: Apparently trajectory initialization failed
[move_group-5] [INFO] [1788087908.437191228] [move_group.moveit.moveit.ros.move_group.move_action]: CONTROL_FAILED
[move_group-5] [WARN] [1788087908.437366048] [rclcpp_action]: publish_feedback() called on a goal handle not in executing state, ignoring
[move_group-5] [WARN] [1788087908.440922943] [tf2_buffer]: Detected jump back in time. Clearing TF buffer.
[move_group-5] [INFO] [1788087908.442080451] [move_group.moveit.moveit.ros.move_group.move_action]: Solution was found and executed.
[move_group-5] [WARN] [1788087908.443207703] [moveit.simple_controller_manager.follow_joint_trajectory_controller_handle]: Controller 'arm_controller' failed with error INVALID_GOAL: Current goal preempted by new incoming action.
[move_group-5] [WARN] [1788087908.443255273] [move_group.moveit.moveit.ros.trajectory_execution_manager]: Controller handle arm_controller reports status ABORTED
[move_group-5] [INFO] [1788087908.443297783] [move_group.moveit.moveit.ros.trajectory_execution_manager]: Completed trajectory execution with status ABORTED ...
[move_group-5] [INFO] [1788087908.446924429] [move_group.moveit.moveit.ros.move_group.move_action]: MoveGroupMoveAction: Received request
[move_group-5] [INFO] [1788087908.447339962] [move_group.moveit.moveit.ros.move_group.move_action]: executing..
[move_group-5] [INFO] [1788087908.454137487] [move_group.moveit.moveit.ros.move_group.move_action]: Combined planning and execution request received for MoveGroup action. Forwarding to planning and execution pipeline.
[move_group-5] [WARN] [1788087908.454285906] [move_group.moveit.moveit.ros.move_group.capability]: Execution of motions should always start at the robot's current state. Ignoring the state supplied as difference in the planning scene diff
[move_group-5] [INFO] [1788087908.454316474] [move_group.moveit.moveit.ros.plan_execution]: Planning attempt 1 of at most 5
[move_group-5] [INFO] [1788087908.454428965] [move_group.moveit.moveit.ros.move_group.capability]: Using planning pipeline 'ompl'
[move_group-5] [INFO] [1788087908.454790456] [move_group]: Calling PlanningRequestAdapter 'ResolveConstraintFrames'
[move_group-5] [INFO] [1788087908.454856250] [move_group]: Calling PlanningRequestAdapter 'ValidateWorkspaceBounds'
[move_group-5] [WARN] [1788087908.454869464] [move_group.moveit.moveit.ros.validate_workspace_bounds]: It looks like the planning volume was not specified. Using default values.
[move_group-5] [INFO] [1788087908.454904370] [move_group]: Calling PlanningRequestAdapter 'CheckStartStateBounds'
[move_group-5] [INFO] [1788087908.455508006] [move_group.moveit.moveit.planners.ompl.model_based_planning_context]: Planner configuration 'arm[RRTConnectkConfigDefault]' will use planner 'geometric::RRTConnect'. Additional configuration parameters will be set when the planner is constructed.
[move_group-5] [INFO] [1788087908.455740113] [move_group]: Calling Planner 'OMPL'
[move_group-5] [INFO] [1788087908.469680173] [move_group]: Calling PlanningResponseAdapter 'AddTimeOptimalParameterization'
[move_group-5] [INFO] [1788087908.470303807] [move_group]: Calling PlanningResponseAdapter 'DisplayMotionPath'
[move_group-5] [INFO] [1788087908.470538188] [move_group.moveit.moveit.plugins.simple_controller_manager]: Returned 2 controllers in list
[move_group-5] [INFO] [1788087908.470592420] [move_group.moveit.moveit.plugins.simple_controller_manager]: Returned 2 controllers in list
[move_group-5] [INFO] [1788087908.470715873] [move_group.moveit.moveit.ros.trajectory_execution_manager]: Validating trajectory with allowed_start_tolerance 0.1
[move_group-5] [INFO] [1788087908.473952865] [move_group.moveit.moveit.ros.trajectory_execution_manager]: Starting trajectory execution ...
[move_group-5] [INFO] [1788087908.474066690] [move_group.moveit.moveit.plugins.simple_controller_manager]: Returned 2 controllers in list
[move_group-5] [INFO] [1788087908.474124969] [move_group.moveit.moveit.plugins.simple_controller_manager]: Returned 2 controllers in list
[move_group-5] [INFO] [1788087908.474316770] [moveit.simple_controller_manager.follow_joint_trajectory_controller_handle]: sending trajectory to arm_controller
[move_group-5] [INFO] [1788087908.474884539] [moveit.simple_controller_manager.follow_joint_trajectory_controller_handle]: arm_controller started execution
[move_group-5] [INFO] [1788087908.474909176] [moveit.simple_controller_manager.follow_joint_trajectory_controller_handle]: Goal request accepted!
[move_group-5] [INFO] [1788087908.477942235] [move_group.moveit.moveit.ros.move_group.move_action]: MoveGroupMoveAction: Received request
[move_group-5] [INFO] [1788087908.478211121] [move_group.moveit.moveit.ros.move_group.move_action]: executing..
[move_group-5] [INFO] [1788087908.483955413] [move_group.moveit.moveit.ros.move_group.move_action]: Combined planning and execution request received for MoveGroup action. Forwarding to planning and execution pipeline.
[move_group-5] [WARN] [1788087908.484096649] [move_group.moveit.moveit.ros.move_group.capability]: Execution of motions should always start at the robot's current state. Ignoring the state supplied as difference in the planning scene diff
[move_group-5] [INFO] [1788087908.484127447] [move_group.moveit.moveit.ros.plan_execution]: Planning attempt 1 of at most 5
[move_group-5] [INFO] [1788087908.484244287] [move_group.moveit.moveit.ros.move_group.capability]: Using planning pipeline 'ompl'
[move_group-5] [INFO] [1788087908.484603413] [move_group]: Calling PlanningRequestAdapter 'ResolveConstraintFrames'
[move_group-5] [INFO] [1788087908.484652606] [move_group]: Calling PlanningRequestAdapter 'ValidateWorkspaceBounds'
[move_group-5] [WARN] [1788087908.484664588] [move_group.moveit.moveit.ros.validate_workspace_bounds]: It looks like the planning volume was not specified. Using default values.
[move_group-5] [INFO] [1788087908.484686960] [move_group]: Calling PlanningRequestAdapter 'CheckStartStateBounds'
[move_group-5] [INFO] [1788087908.485337365] [move_group.moveit.moveit.planners.ompl.model_based_planning_context]: Planner configuration 'arm[RRTConnectkConfigDefault]' will use planner 'geometric::RRTConnect'. Additional configuration parameters will be set when the planner is constructed.
[move_group-5] [INFO] [1788087908.485567758] [move_group]: Calling Planner 'OMPL'
[move_group-5] [INFO] [1788087908.499034808] [move_group]: Calling PlanningResponseAdapter 'AddTimeOptimalParameterization'
[move_group-5] [INFO] [1788087908.499565567] [move_group]: Calling PlanningResponseAdapter 'DisplayMotionPath'
[move_group-5] [ERROR] [1788087908.499731649] [move_group.moveit.moveit.ros.trajectory_execution_manager]: Cannot push a new trajectory while another is being executed
[move_group-5] [ERROR] [1788087908.499793275] [move_group.moveit.moveit.ros.plan_execution]: Apparently trajectory initialization failed
[move_group-5] [INFO] [1788087908.499870120] [move_group.moveit.moveit.ros.move_group.move_action]: CONTROL_FAILED
[move_group-5] [WARN] [1788087908.500183260] [rclcpp_action]: publish_feedback() called on a goal handle not in executing state, ignoring
[move_group-5] [INFO] [1788087908.504178360] [move_group.moveit.moveit.ros.move_group.move_action]: Solution was found and executed.
[move_group-5] [INFO] [1788087908.506981426] [move_group.moveit.moveit.ros.move_group.move_action]: MoveGroupMoveAction: Received request
[move_group-5] [INFO] [1788087908.507237077] [move_group.moveit.moveit.ros.move_group.move_action]: executing..
[move_group-5] [WARN] [1788087908.508452104] [moveit.simple_controller_manager.follow_joint_trajectory_controller_handle]: Controller 'arm_controller' failed with error INVALID_GOAL: Current goal preempted by new incoming action.
[move_group-5] [WARN] [1788087908.508509793] [move_group.moveit.moveit.ros.trajectory_execution_manager]: Controller handle arm_controller reports status ABORTED
[move_group-5] [INFO] [1788087908.508549628] [move_group.moveit.moveit.ros.trajectory_execution_manager]: Completed trajectory execution with status ABORTED ...
[move_group-5] [INFO] [1788087908.517019170] [move_group.moveit.moveit.ros.move_group.move_action]: Combined planning and execution request received for MoveGroup action. Forwarding to planning and execution pipeline.
[move_group-5] [WARN] [1788087908.517848581] [move_group.moveit.moveit.ros.move_group.capability]: Execution of motions should always start at the robot's current state. Ignoring the state supplied as difference in the planning scene diff
[move_group-5] [INFO] [1788087908.517874971] [move_group.moveit.moveit.ros.plan_execution]: Planning attempt 1 of at most 5
[move_group-5] [INFO] [1788087908.517989577] [move_group.moveit.moveit.ros.move_group.capability]: Using planning pipeline 'ompl'
[move_group-5] [INFO] [1788087908.518254686] [move_group]: Calling PlanningRequestAdapter 'ResolveConstraintFrames'
[move_group-5] [INFO] [1788087908.518307144] [move_group]: Calling PlanningRequestAdapter 'ValidateWorkspaceBounds'
[move_group-5] [WARN] [1788087908.518321441] [move_group.moveit.moveit.ros.validate_workspace_bounds]: It looks like the planning volume was not specified. Using default values.
[move_group-5] [INFO] [1788087908.518354443] [move_group]: Calling PlanningRequestAdapter 'CheckStartStateBounds'
[move_group-5] [INFO] [1788087908.518937281] [move_group.moveit.moveit.planners.ompl.model_based_planning_context]: Planner configuration 'arm[RRTConnectkConfigDefault]' will use planner 'geometric::RRTConnect'. Additional configuration parameters will be set when the planner is constructed.
[move_group-5] [INFO] [1788087908.519106790] [move_group]: Calling Planner 'OMPL'
[move_group-5] [INFO] [1788087908.533035067] [move_group]: Calling PlanningResponseAdapter 'AddTimeOptimalParameterization'
[move_group-5] [INFO] [1788087908.533624396] [move_group]: Calling PlanningResponseAdapter 'DisplayMotionPath'
[move_group-5] [INFO] [1788087908.533875860] [move_group.moveit.moveit.plugins.simple_controller_manager]: Returned 2 controllers in list
[move_group-5] [INFO] [1788087908.533936274] [move_group.moveit.moveit.plugins.simple_controller_manager]: Returned 2 controllers in list
[move_group-5] [INFO] [1788087908.534062381] [move_group.moveit.moveit.ros.trajectory_execution_manager]: Validating trajectory with allowed_start_tolerance 0.1
[move_group-5] [INFO] [1788087908.537678878] [move_group.moveit.moveit.ros.trajectory_execution_manager]: Starting trajectory execution ...
[move_group-5] [INFO] [1788087908.537812249] [move_group.moveit.moveit.plugins.simple_controller_manager]: Returned 2 controllers in list
[move_group-5] [INFO] [1788087908.537872723] [move_group.moveit.moveit.plugins.simple_controller_manager]: Returned 2 controllers in list
[move_group-5] [INFO] [1788087908.538157449] [moveit.simple_controller_manager.follow_joint_trajectory_controller_handle]: sending trajectory to arm_controller
[move_group-5] [INFO] [1788087908.539002981] [moveit.simple_controller_manager.follow_joint_trajectory_controller_handle]: arm_controller started execution
[move_group-5] [INFO] [1788087908.539033528] [moveit.simple_controller_manager.follow_joint_trajectory_controller_handle]: Goal request accepted!
[move_group-5] [WARN] [1788087908.766857435] [tf2_buffer]: Detected jump back in time. Clearing TF buffer.
[move_group-5] [WARN] [1788087909.067889815] [tf2_buffer]: Detected jump back in time. Clearing TF buffer.
[move_group-5] [INFO] [1788087909.189662460] [moveit.simple_controller_manager.follow_joint_trajectory_controller_handle]: Controller 'arm_controller' successfully finished
[move_group-5] [INFO] [1788087909.192374054] [move_group.moveit.moveit.ros.trajectory_execution_manager]: Completed trajectory execution with status SUCCEEDED ...
[move_group-5] [INFO] [1788087909.197825305] [move_group.moveit.moveit.ros.move_group.move_action]: Solution was found and executed.
[move_group-5] [WARN] [1788087909.198015553] [rclcpp_action]: publish_feedback() called on a goal handle not in executing state, ignoring
[move_group-5] [WARN] [1788087909.208104694] [tf2_buffer]: Detected jump back in time. Clearing TF buffer.
[move_group-5] [WARN] [1788087909.386419149] [tf2_buffer]: Detected jump back in time. Clearing TF buffer.
[move_group-5] [WARN] [1788087911.059403650] [tf2_buffer]: Detected jump back in time. Clearing TF buffer.
[move_group-5] [WARN] [1788087911.580116377] [tf2_buffer]: Detected jump back in time. Clearing TF buffer.
[move_group-5] [WARN] [1788087911.846861036] [tf2_buffer]: Detected jump back in time. Clearing TF buffer.
[move_group-5] [WARN] [1788087912.131676760] [tf2_buffer]: Detected jump back in time. Clearing TF buffer.
[move_group-5] [WARN] [1788087912.947945809] [tf2_buffer]: Detected jump back in time. Clearing TF buffer.
[move_group-5] [WARN] [1788087913.490831924] [tf2_buffer]: Detected jump back in time. Clearing TF buffer.
[move_group-5] [WARN] [1788087913.507748366] [tf2_buffer]: Detected jump back in time. Clearing TF buffer.
[move_group-5] [WARN] [1788087913.566576550] [tf2_buffer]: Detected jump back in time. Clearing TF buffer.
[move_group-5] [WARN] [1788087913.789142319] [tf2_buffer]: Detected jump back in time. Clearing TF buffer.
[move_group-5] [WARN] [1788087915.411134567] [tf2_buffer]: Detected jump back in time. Clearing TF buffer.
[move_group-5] [WARN] [1788087915.590635114] [tf2_buffer]: Detected jump back in time. Clearing TF buffer.
[move_group-5] [WARN] [1788087916.901028824] [tf2_buffer]: Detected jump back in time. Clearing TF buffer.
[move_group-5] [WARN] [1788087918.030615286] [tf2_buffer]: Detected jump back in time. Clearing TF buffer.
[move_group-5] [WARN] [1788087918.264895817] [tf2_buffer]: Detected jump back in time. Clearing TF buffer.
[move_group-5] [WARN] [1788087918.546533920] [tf2_buffer]: Detected jump back in time. Clearing TF buffer.
[move_group-5] [WARN] [1788088108.397135107] [tf2_buffer]: Detected jump back in time. Clearing TF buffer.
[move_group-5] [WARN] [1788088110.835437551] [tf2_buffer]: Detected jump back in time. Clearing TF buffer.
[move_group-5] [WARN] [1788088110.889643554] [tf2_buffer]: Detected jump back in time. Clearing TF buffer.
[move_group-5] [WARN] [1788088111.292527690] [tf2_buffer]: Detected jump back in time. Clearing TF buffer.
[move_group-5] [WARN] [1788088111.327576614] [tf2_buffer]: Detected jump back in time. Clearing TF buffer.
[move_group-5] [WARN] [1788088111.346529729] [tf2_buffer]: Detected jump back in time. Clearing TF buffer.
[move_group-5] [WARN] [1788088111.577001260] [tf2_buffer]: Detected jump back in time. Clearing TF buffer.
[move_group-5] [WARN] [1788088111.741921182] [tf2_buffer]: Detected jump back in time. Clearing TF buffer.
[robot_state_publisher-2] [WARN] [1788088112.225422396] [robot_state_publisher]: Moved backwards in time, re-publishing joint transforms!
[move_group-5] [WARN] [1788088112.315573018] [tf2_buffer]: Detected jump back in time. Clearing TF buffer.
[move_group-5] [WARN] [1788088112.870131044] [tf2_buffer]: Detected jump back in time. Clearing TF buffer.
[move_group-5] [WARN] [1788088113.676666962] [tf2_buffer]: Detected jump back in time. Clearing TF buffer.
[move_group-5] [WARN] [1788088114.975390925] [tf2_buffer]: Detected jump back in time. Clearing TF buffer.
[move_group-5] [WARN] [1788088114.984859959] [tf2_buffer]: Detected jump back in time. Clearing TF buffer.
[move_group-5] [WARN] [1788088114.987849756] [tf2_buffer]: Detected jump back in time. Clearing TF buffer.
[move_group-5] [WARN] [1788088114.993525370] [tf2_buffer]: Detected jump back in time. Clearing TF buffer.
[move_group-5] [WARN] [1788088114.999359431] [tf2_buffer]: Detected jump back in time. Clearing TF buffer.
[move_group-5] [WARN] [1788088115.020519000] [tf2_buffer]: Detected jump back in time. Clearing TF buffer.
[move_group-5] [WARN] [1788088115.032841205] [tf2_buffer]: Detected jump back in time. Clearing TF buffer.
[move_group-5] [WARN] [1788088115.060132205] [tf2_buffer]: Detected jump back in time. Clearing TF buffer.
[move_group-5] [WARN] [1788088115.746250579] [tf2_buffer]: Detected jump back in time. Clearing TF buffer.
[move_group-5] [WARN] [1788088115.819504616] [tf2_buffer]: Detected jump back in time. Clearing TF buffer.
[move_group-5] [WARN] [1788088115.820273905] [tf2_buffer]: Detected jump back in time. Clearing TF buffer.
[move_group-5] [WARN] [1788088115.826268879] [tf2_buffer]: Detected jump back in time. Clearing TF buffer.
[move_group-5] [WARN] [1788088115.839391660] [tf2_buffer]: Detected jump back in time. Clearing TF buffer.
[move_group-5] [WARN] [1788088115.841468930] [tf2_buffer]: Detected jump back in time. Clearing TF buffer.
[move_group-5] [WARN] [1788088115.843795830] [tf2_buffer]: Detected jump back in time. Clearing TF buffer.
[move_group-5] [WARN] [1788088115.846968402] [tf2_buffer]: Detected jump back in time. Clearing TF buffer.
[move_group-5] [WARN] [1788088115.968795870] [tf2_buffer]: Detected jump back in time. Clearing TF buffer.
[move_group-5] [WARN] [1788088116.742455224] [tf2_buffer]: Detected jump back in time. Clearing TF buffer.
[move_group-5] [INFO] [1788088118.449096228] [move_group.moveit.moveit.ros.planning_scene_monitor]: Published update collision object
[move_group-5] [INFO] [1788088118.551250314] [move_group.moveit.moveit.ros.planning_scene_monitor]: Published update collision object
[move_group-5] [INFO] [1788088118.653078247] [move_group.moveit.moveit.ros.planning_scene_monitor]: Published update collision object
[move_group-5] [WARN] [1788088118.742587031] [tf2_buffer]: Detected jump back in time. Clearing TF buffer.
[move_group-5] [WARN] [1788088118.837991553] [tf2_buffer]: Detected jump back in time. Clearing TF buffer.
[move_group-5] [WARN] [1788088119.742435906] [tf2_buffer]: Detected jump back in time. Clearing TF buffer.
[move_group-5] [INFO] [1788088119.761483780] [move_group.moveit.moveit.ros.move_group.move_action]: MoveGroupMoveAction: Received request
[move_group-5] [INFO] [1788088119.761742177] [move_group.moveit.moveit.ros.move_group.move_action]: executing..
[move_group-5] [INFO] [1788088119.771175794] [move_group.moveit.moveit.ros.move_group.move_action]: Combined planning and execution request received for MoveGroup action. Forwarding to planning and execution pipeline.
[move_group-5] [WARN] [1788088119.771269861] [move_group.moveit.moveit.ros.move_group.capability]: Execution of motions should always start at the robot's current state. Ignoring the state supplied as difference in the planning scene diff
[move_group-5] [INFO] [1788088119.771294687] [move_group.moveit.moveit.ros.plan_execution]: Planning attempt 1 of at most 1
[move_group-5] [INFO] [1788088119.771358618] [move_group.moveit.moveit.ros.move_group.capability]: Using planning pipeline 'ompl'
[move_group-5] [INFO] [1788088119.771555939] [move_group]: Calling PlanningRequestAdapter 'ResolveConstraintFrames'
[move_group-5] [INFO] [1788088119.771611734] [move_group]: Calling PlanningRequestAdapter 'ValidateWorkspaceBounds'
[move_group-5] [WARN] [1788088119.771626262] [move_group.moveit.moveit.ros.validate_workspace_bounds]: It looks like the planning volume was not specified. Using default values.
[move_group-5] [INFO] [1788088119.771654675] [move_group]: Calling PlanningRequestAdapter 'CheckStartStateBounds'
[move_group-5] [INFO] [1788088119.771984636] [move_group.moveit.moveit.planners.ompl.model_based_planning_context]: Planner configuration 'arm[RRTConnectkConfigDefault]' will use planner 'geometric::RRTConnect'. Additional configuration parameters will be set when the planner is constructed.
[move_group-5] [INFO] [1788088119.772082420] [move_group]: Calling Planner 'OMPL'
[move_group-5] [WARN] [1788088119.775816539] [tf2_buffer]: Detected jump back in time. Clearing TF buffer.
[move_group-5] [INFO] [1788088119.776065958] [move_group]: Calling PlanningResponseAdapter 'AddTimeOptimalParameterization'
[move_group-5] [INFO] [1788088119.776731742] [move_group]: Calling PlanningResponseAdapter 'DisplayMotionPath'
[move_group-5] [INFO] [1788088119.776997772] [move_group.moveit.moveit.plugins.simple_controller_manager]: Returned 2 controllers in list
[move_group-5] [INFO] [1788088119.777126936] [move_group.moveit.moveit.plugins.simple_controller_manager]: Returned 2 controllers in list
[move_group-5] [INFO] [1788088119.777337913] [move_group.moveit.moveit.ros.trajectory_execution_manager]: Validating trajectory with allowed_start_tolerance 0.1
[move_group-5] [INFO] [1788088119.781110133] [move_group.moveit.moveit.ros.trajectory_execution_manager]: Starting trajectory execution ...
[move_group-5] [INFO] [1788088119.781206475] [move_group.moveit.moveit.plugins.simple_controller_manager]: Returned 2 controllers in list
[move_group-5] [INFO] [1788088119.781279101] [move_group.moveit.moveit.plugins.simple_controller_manager]: Returned 2 controllers in list
[move_group-5] [INFO] [1788088119.781445054] [moveit.simple_controller_manager.follow_joint_trajectory_controller_handle]: sending trajectory to arm_controller
[move_group-5] [INFO] [1788088119.782752645] [moveit.simple_controller_manager.follow_joint_trajectory_controller_handle]: arm_controller started execution
[move_group-5] [INFO] [1788088119.782787260] [moveit.simple_controller_manager.follow_joint_trajectory_controller_handle]: Goal request accepted!
[move_group-5] [WARN] [1788088119.794553708] [moveit.simple_controller_manager.follow_joint_trajectory_controller_handle]: Controller 'arm_controller' failed with error INVALID_GOAL: Current goal preempted by new incoming action.
[move_group-5] [WARN] [1788088119.794638638] [move_group.moveit.moveit.ros.trajectory_execution_manager]: Controller handle arm_controller reports status ABORTED
[move_group-5] [INFO] [1788088119.794693041] [move_group.moveit.moveit.ros.trajectory_execution_manager]: Completed trajectory execution with status ABORTED ...
[move_group-5] [INFO] [1788088119.801232049] [move_group.moveit.moveit.ros.move_group.move_action]: CONTROL_FAILED
[move_group-5] [WARN] [1788088119.801386600] [rclcpp_action]: publish_feedback() called on a goal handle not in executing state, ignoring
[move_group-5] [INFO] [1788088119.807351718] [move_group.moveit.moveit.ros.move_group.move_action]: MoveGroupMoveAction: Received request
[move_group-5] [INFO] [1788088119.807704382] [move_group.moveit.moveit.ros.move_group.move_action]: executing..
[move_group-5] [INFO] [1788088119.811401010] [move_group.moveit.moveit.ros.move_group.move_action]: Combined planning and execution request received for MoveGroup action. Forwarding to planning and execution pipeline.
[move_group-5] [WARN] [1788088119.811635752] [move_group.moveit.moveit.ros.move_group.capability]: Execution of motions should always start at the robot's current state. Ignoring the state supplied as difference in the planning scene diff
[move_group-5] [INFO] [1788088119.811671459] [move_group.moveit.moveit.ros.plan_execution]: Planning attempt 1 of at most 1
[move_group-5] [INFO] [1788088119.811744387] [move_group.moveit.moveit.ros.move_group.capability]: Using planning pipeline 'ompl'
[move_group-5] [INFO] [1788088119.811973097] [move_group]: Calling PlanningRequestAdapter 'ResolveConstraintFrames'
[move_group-5] [INFO] [1788088119.812020777] [move_group]: Calling PlanningRequestAdapter 'ValidateWorkspaceBounds'
[move_group-5] [WARN] [1788088119.812030936] [move_group.moveit.moveit.ros.validate_workspace_bounds]: It looks like the planning volume was not specified. Using default values.
[move_group-5] [INFO] [1788088119.812048168] [move_group]: Calling PlanningRequestAdapter 'CheckStartStateBounds'
[move_group-5] [INFO] [1788088119.812387377] [move_group.moveit.moveit.planners.ompl.model_based_planning_context]: Planner configuration 'arm[RRTConnectkConfigDefault]' will use planner 'geometric::RRTConnect'. Additional configuration parameters will be set when the planner is constructed.
[move_group-5] [INFO] [1788088119.812525828] [move_group]: Calling Planner 'OMPL'
[move_group-5] [INFO] [1788088119.825552618] [move_group]: Calling PlanningResponseAdapter 'AddTimeOptimalParameterization'
[move_group-5] [INFO] [1788088119.826029816] [move_group]: Calling PlanningResponseAdapter 'DisplayMotionPath'
[move_group-5] [INFO] [1788088119.826359748] [move_group.moveit.moveit.plugins.simple_controller_manager]: Returned 2 controllers in list
[move_group-5] [INFO] [1788088119.826420923] [move_group.moveit.moveit.plugins.simple_controller_manager]: Returned 2 controllers in list
[move_group-5] [INFO] [1788088119.826583228] [move_group.moveit.moveit.ros.trajectory_execution_manager]: Validating trajectory with allowed_start_tolerance 0.1
[move_group-5] [INFO] [1788088119.831311779] [move_group.moveit.moveit.ros.trajectory_execution_manager]: Starting trajectory execution ...
[move_group-5] [INFO] [1788088119.831423569] [move_group.moveit.moveit.plugins.simple_controller_manager]: Returned 2 controllers in list
[move_group-5] [INFO] [1788088119.831481588] [move_group.moveit.moveit.plugins.simple_controller_manager]: Returned 2 controllers in list
[move_group-5] [INFO] [1788088119.831728884] [moveit.simple_controller_manager.follow_joint_trajectory_controller_handle]: sending trajectory to arm_controller
[move_group-5] [INFO] [1788088119.832501318] [moveit.simple_controller_manager.follow_joint_trajectory_controller_handle]: arm_controller started execution
[move_group-5] [INFO] [1788088119.832527267] [moveit.simple_controller_manager.follow_joint_trajectory_controller_handle]: Goal request accepted!
[move_group-5] [INFO] [1788088119.834055433] [move_group.moveit.moveit.ros.move_group.move_action]: MoveGroupMoveAction: Received request
[move_group-5] [INFO] [1788088119.834253817] [move_group.moveit.moveit.ros.move_group.move_action]: executing..
[move_group-5] [INFO] [1788088119.841348962] [move_group.moveit.moveit.ros.move_group.move_action]: Combined planning and execution request received for MoveGroup action. Forwarding to planning and execution pipeline.
[move_group-5] [WARN] [1788088119.841482193] [move_group.moveit.moveit.ros.move_group.capability]: Execution of motions should always start at the robot's current state. Ignoring the state supplied as difference in the planning scene diff
[move_group-5] [INFO] [1788088119.841655870] [move_group.moveit.moveit.ros.plan_execution]: Planning attempt 1 of at most 1
[move_group-5] [INFO] [1788088119.841873118] [move_group.moveit.moveit.ros.move_group.capability]: Using planning pipeline 'ompl'
[move_group-5] [INFO] [1788088119.842094776] [move_group]: Calling PlanningRequestAdapter 'ResolveConstraintFrames'
[move_group-5] [INFO] [1788088119.842148707] [move_group]: Calling PlanningRequestAdapter 'ValidateWorkspaceBounds'
[move_group-5] [WARN] [1788088119.842164036] [move_group.moveit.moveit.ros.validate_workspace_bounds]: It looks like the planning volume was not specified. Using default values.
[move_group-5] [INFO] [1788088119.842193261] [move_group]: Calling PlanningRequestAdapter 'CheckStartStateBounds'
[move_group-5] [INFO] [1788088119.842755980] [move_group.moveit.moveit.planners.ompl.model_based_planning_context]: Planner configuration 'arm[RRTConnectkConfigDefault]' will use planner 'geometric::RRTConnect'. Additional configuration parameters will be set when the planner is constructed.
[move_group-5] [INFO] [1788088119.842903187] [move_group]: Calling Planner 'OMPL'
[move_group-5] [WARN] [1788088119.845099542] [tf2_buffer]: Detected jump back in time. Clearing TF buffer.
[move_group-5] [INFO] [1788088119.856261562] [move_group]: Calling PlanningResponseAdapter 'AddTimeOptimalParameterization'
[move_group-5] [INFO] [1788088119.856721278] [move_group]: Calling PlanningResponseAdapter 'DisplayMotionPath'
[move_group-5] [ERROR] [1788088119.856856853] [move_group.moveit.moveit.ros.trajectory_execution_manager]: Cannot push a new trajectory while another is being executed
[move_group-5] [ERROR] [1788088119.856911385] [move_group.moveit.moveit.ros.plan_execution]: Apparently trajectory initialization failed
[move_group-5] [INFO] [1788088119.856964646] [move_group.moveit.moveit.ros.move_group.move_action]: CONTROL_FAILED
[move_group-5] [WARN] [1788088119.857093669] [rclcpp_action]: publish_feedback() called on a goal handle not in executing state, ignoring
[move_group-5] [INFO] [1788088119.861488351] [move_group.moveit.moveit.ros.move_group.move_action]: Solution was found and executed.
[move_group-5] [WARN] [1788088119.862727303] [moveit.simple_controller_manager.follow_joint_trajectory_controller_handle]: Controller 'arm_controller' failed with error INVALID_GOAL: Current goal preempted by new incoming action.
[move_group-5] [WARN] [1788088119.862930165] [move_group.moveit.moveit.ros.trajectory_execution_manager]: Controller handle arm_controller reports status ABORTED
[move_group-5] [INFO] [1788088119.862964449] [move_group.moveit.moveit.ros.trajectory_execution_manager]: Completed trajectory execution with status ABORTED ...
[move_group-5] [INFO] [1788088119.866752870] [move_group.moveit.moveit.ros.move_group.move_action]: MoveGroupMoveAction: Received request
[move_group-5] [INFO] [1788088119.866939251] [move_group.moveit.moveit.ros.move_group.move_action]: executing..
[move_group-5] [INFO] [1788088119.871319266] [move_group.moveit.moveit.ros.move_group.move_action]: Combined planning and execution request received for MoveGroup action. Forwarding to planning and execution pipeline.
[move_group-5] [WARN] [1788088119.871396772] [move_group.moveit.moveit.ros.move_group.capability]: Execution of motions should always start at the robot's current state. Ignoring the state supplied as difference in the planning scene diff
[move_group-5] [INFO] [1788088119.871427940] [move_group.moveit.moveit.ros.plan_execution]: Planning attempt 1 of at most 1
[move_group-5] [INFO] [1788088119.871525023] [move_group.moveit.moveit.ros.move_group.capability]: Using planning pipeline 'ompl'
[move_group-5] [INFO] [1788088119.871735489] [move_group]: Calling PlanningRequestAdapter 'ResolveConstraintFrames'
[move_group-5] [INFO] [1788088119.871789351] [move_group]: Calling PlanningRequestAdapter 'ValidateWorkspaceBounds'
[move_group-5] [WARN] [1788088119.871803076] [move_group.moveit.moveit.ros.validate_workspace_bounds]: It looks like the planning volume was not specified. Using default values.
[move_group-5] [INFO] [1788088119.871831430] [move_group]: Calling PlanningRequestAdapter 'CheckStartStateBounds'
[move_group-5] [INFO] [1788088119.872214060] [move_group.moveit.moveit.planners.ompl.model_based_planning_context]: Planner configuration 'arm[RRTConnectkConfigDefault]' will use planner 'geometric::RRTConnect'. Additional configuration parameters will be set when the planner is constructed.
[move_group-5] [INFO] [1788088119.872347171] [move_group]: Calling Planner 'OMPL'
[move_group-5] [INFO] [1788088119.885324067] [move_group]: Calling PlanningResponseAdapter 'AddTimeOptimalParameterization'
[move_group-5] [INFO] [1788088119.885759316] [move_group]: Calling PlanningResponseAdapter 'DisplayMotionPath'
[move_group-5] [INFO] [1788088119.885965815] [move_group.moveit.moveit.plugins.simple_controller_manager]: Returned 2 controllers in list
[move_group-5] [INFO] [1788088119.886011070] [move_group.moveit.moveit.plugins.simple_controller_manager]: Returned 2 controllers in list
[move_group-5] [INFO] [1788088119.886149110] [move_group.moveit.moveit.ros.trajectory_execution_manager]: Validating trajectory with allowed_start_tolerance 0.1
[move_group-5] [INFO] [1788088119.891379155] [move_group.moveit.moveit.ros.trajectory_execution_manager]: Starting trajectory execution ...
[move_group-5] [INFO] [1788088119.891663660] [move_group.moveit.moveit.plugins.simple_controller_manager]: Returned 2 controllers in list
[move_group-5] [INFO] [1788088119.891742709] [move_group.moveit.moveit.plugins.simple_controller_manager]: Returned 2 controllers in list
[move_group-5] [INFO] [1788088119.891977742] [moveit.simple_controller_manager.follow_joint_trajectory_controller_handle]: sending trajectory to arm_controller
[move_group-5] [INFO] [1788088119.892164112] [move_group.moveit.moveit.ros.move_group.move_action]: MoveGroupMoveAction: Received request
[move_group-5] [INFO] [1788088119.892422138] [move_group.moveit.moveit.ros.move_group.move_action]: executing..
[move_group-5] [INFO] [1788088119.892981000] [moveit.simple_controller_manager.follow_joint_trajectory_controller_handle]: arm_controller started execution
[move_group-5] [INFO] [1788088119.893005206] [moveit.simple_controller_manager.follow_joint_trajectory_controller_handle]: Goal request accepted!
[move_group-5] [INFO] [1788088119.901165255] [move_group.moveit.moveit.ros.move_group.move_action]: Combined planning and execution request received for MoveGroup action. Forwarding to planning and execution pipeline.
[move_group-5] [WARN] [1788088119.901264943] [move_group.moveit.moveit.ros.move_group.capability]: Execution of motions should always start at the robot's current state. Ignoring the state supplied as difference in the planning scene diff
[move_group-5] [INFO] [1788088119.901292625] [move_group.moveit.moveit.ros.plan_execution]: Planning attempt 1 of at most 1
[move_group-5] [INFO] [1788088119.901382534] [move_group.moveit.moveit.ros.move_group.capability]: Using planning pipeline 'ompl'
[move_group-5] [INFO] [1788088119.901643936] [move_group]: Calling PlanningRequestAdapter 'ResolveConstraintFrames'
[move_group-5] [INFO] [1788088119.901701134] [move_group]: Calling PlanningRequestAdapter 'ValidateWorkspaceBounds'
[move_group-5] [WARN] [1788088119.901717214] [move_group.moveit.moveit.ros.validate_workspace_bounds]: It looks like the planning volume was not specified. Using default values.
[move_group-5] [INFO] [1788088119.901749094] [move_group]: Calling PlanningRequestAdapter 'CheckStartStateBounds'
[move_group-5] [INFO] [1788088119.902169926] [move_group.moveit.moveit.planners.ompl.model_based_planning_context]: Planner configuration 'arm[RRTConnectkConfigDefault]' will use planner 'geometric::RRTConnect'. Additional configuration parameters will be set when the planner is constructed.
[move_group-5] [INFO] [1788088119.902343383] [move_group]: Calling Planner 'OMPL'
[move_group-5] [WARN] [1788088119.912423447] [moveit.simple_controller_manager.follow_joint_trajectory_controller_handle]: Controller 'arm_controller' failed with error INVALID_GOAL: Current goal preempted by new incoming action.
[move_group-5] [WARN] [1788088119.913015642] [move_group.moveit.moveit.ros.trajectory_execution_manager]: Controller handle arm_controller reports status ABORTED
[move_group-5] [INFO] [1788088119.913063411] [move_group.moveit.moveit.ros.trajectory_execution_manager]: Completed trajectory execution with status ABORTED ...
[move_group-5] [INFO] [1788088119.915203760] [move_group]: Calling PlanningResponseAdapter 'AddTimeOptimalParameterization'
[move_group-5] [INFO] [1788088119.915579598] [move_group]: Calling PlanningResponseAdapter 'DisplayMotionPath'
[move_group-5] [INFO] [1788088119.915743266] [move_group.moveit.moveit.plugins.simple_controller_manager]: Returned 2 controllers in list
[move_group-5] [INFO] [1788088119.915796777] [move_group.moveit.moveit.plugins.simple_controller_manager]: Returned 2 controllers in list
[move_group-5] [INFO] [1788088119.915901995] [move_group.moveit.moveit.ros.trajectory_execution_manager]: Validating trajectory with allowed_start_tolerance 0.1
[move_group-5] [INFO] [1788088119.921137239] [move_group.moveit.moveit.ros.trajectory_execution_manager]: Starting trajectory execution ...
[move_group-5] [INFO] [1788088119.921217320] [move_group.moveit.moveit.plugins.simple_controller_manager]: Returned 2 controllers in list
[move_group-5] [INFO] [1788088119.921271141] [move_group.moveit.moveit.plugins.simple_controller_manager]: Returned 2 controllers in list
[move_group-5] [INFO] [1788088119.921418248] [moveit.simple_controller_manager.follow_joint_trajectory_controller_handle]: sending trajectory to arm_controller
[move_group-5] [INFO] [1788088119.922107275] [moveit.simple_controller_manager.follow_joint_trajectory_controller_handle]: arm_controller started execution
[move_group-5] [INFO] [1788088119.922131210] [moveit.simple_controller_manager.follow_joint_trajectory_controller_handle]: Goal request accepted!
[move_group-5] [INFO] [1788088119.936922772] [move_group.moveit.moveit.ros.move_group.move_action]: MoveGroupMoveAction: Received request
[move_group-5] [INFO] [1788088119.937120925] [move_group.moveit.moveit.ros.move_group.move_action]: executing..
[move_group-5] [INFO] [1788088119.940991361] [move_group.moveit.moveit.ros.move_group.move_action]: Combined planning and execution request received for MoveGroup action. Forwarding to planning and execution pipeline.
[move_group-5] [WARN] [1788088119.941046755] [move_group.moveit.moveit.ros.move_group.capability]: Execution of motions should always start at the robot's current state. Ignoring the state supplied as difference in the planning scene diff
[move_group-5] [INFO] [1788088119.941061583] [move_group.moveit.moveit.ros.plan_execution]: Planning attempt 1 of at most 1
[move_group-5] [INFO] [1788088119.941161301] [move_group.moveit.moveit.ros.move_group.capability]: Using planning pipeline 'ompl'
[move_group-5] [INFO] [1788088119.941321863] [move_group]: Calling PlanningRequestAdapter 'ResolveConstraintFrames'
[move_group-5] [INFO] [1788088119.941367198] [move_group]: Calling PlanningRequestAdapter 'ValidateWorkspaceBounds'
[move_group-5] [WARN] [1788088119.941380082] [move_group.moveit.moveit.ros.validate_workspace_bounds]: It looks like the planning volume was not specified. Using default values.
[move_group-5] [INFO] [1788088119.941415900] [move_group]: Calling PlanningRequestAdapter 'CheckStartStateBounds'
[move_group-5] [INFO] [1788088119.941826252] [move_group.moveit.moveit.planners.ompl.model_based_planning_context]: Planner configuration 'arm[RRTConnectkConfigDefault]' will use planner 'geometric::RRTConnect'. Additional configuration parameters will be set when the planner is constructed.
[move_group-5] [INFO] [1788088119.941932031] [move_group]: Calling Planner 'OMPL'
[move_group-5] [INFO] [1788088119.944609601] [move_group]: Calling PlanningResponseAdapter 'AddTimeOptimalParameterization'
[move_group-5] [INFO] [1788088119.944930395] [move_group]: Calling PlanningResponseAdapter 'DisplayMotionPath'
[move_group-5] [ERROR] [1788088119.945024923] [move_group.moveit.moveit.ros.trajectory_execution_manager]: Cannot push a new trajectory while another is being executed
[move_group-5] [ERROR] [1788088119.945054900] [move_group.moveit.moveit.ros.plan_execution]: Apparently trajectory initialization failed
[move_group-5] [INFO] [1788088119.945089886] [move_group.moveit.moveit.ros.move_group.move_action]: CONTROL_FAILED
[move_group-5] [WARN] [1788088119.945168704] [rclcpp_action]: publish_feedback() called on a goal handle not in executing state, ignoring
[move_group-5] [INFO] [1788088119.951226416] [move_group.moveit.moveit.ros.move_group.move_action]: Solution was found and executed.
[move_group-5] [INFO] [1788088119.951526471] [move_group.moveit.moveit.ros.move_group.move_action]: Solution was found and executed.
[move_group-5] [WARN] [1788088119.962380853] [moveit.simple_controller_manager.follow_joint_trajectory_controller_handle]: Controller 'arm_controller' failed with error INVALID_GOAL: Current goal preempted by new incoming action.
[move_group-5] [WARN] [1788088119.962483746] [move_group.moveit.moveit.ros.trajectory_execution_manager]: Controller handle arm_controller reports status ABORTED
[move_group-5] [INFO] [1788088119.962534462] [move_group.moveit.moveit.ros.trajectory_execution_manager]: Completed trajectory execution with status ABORTED ...
[move_group-5] [WARN] [1788088121.134123817] [tf2_buffer]: Detected jump back in time. Clearing TF buffer.
[move_group-5] [WARN] [1788088121.184775179] [tf2_buffer]: Detected jump back in time. Clearing TF buffer.
[move_group-5] [WARN] [1788088121.389980972] [tf2_buffer]: Detected jump back in time. Clearing TF buffer.
[move_group-5] [WARN] [1788088123.040269532] [tf2_buffer]: Detected jump back in time. Clearing TF buffer.
[move_group-5] [WARN] [1788088123.577318339] [tf2_buffer]: Detected jump back in time. Clearing TF buffer.
[move_group-5] [WARN] [1788088123.965580483] [tf2_buffer]: Detected jump back in time. Clearing TF buffer.
[move_group-5] [WARN] [1788088124.040545431] [tf2_buffer]: Detected jump back in time. Clearing TF buffer.
[move_group-5] [WARN] [1788088124.430853655] [tf2_buffer]: Detected jump back in time. Clearing TF buffer.
[move_group-5] [WARN] [1788088124.461707091] [tf2_buffer]: Detected jump back in time. Clearing TF buffer.
[move_group-5] [WARN] [1788088124.837120009] [tf2_buffer]: Detected jump back in time. Clearing TF buffer.
[move_group-5] [WARN] [1788088125.966538545] [tf2_buffer]: Detected jump back in time. Clearing TF buffer.
[move_group-5] [WARN] [1788088126.040806842] [tf2_buffer]: Detected jump back in time. Clearing TF buffer.
[move_group-5] [WARN] [1788088126.577549382] [tf2_buffer]: Detected jump back in time. Clearing TF buffer.
[move_group-5] [WARN] [1788088126.743281864] [tf2_buffer]: Detected jump back in time. Clearing TF buffer.
[move_group-5] [WARN] [1788088127.134206409] [tf2_buffer]: Detected jump back in time. Clearing TF buffer.
[move_group-5] [WARN] [1788088128.550105272] [tf2_buffer]: Detected jump back in time. Clearing TF buffer.
[move_group-5] [WARN] [1788088657.455238303] [tf2_buffer]: Detected jump back in time. Clearing TF buffer.
[move_group-5] [WARN] [1788088660.599287368] [tf2_buffer]: Detected jump back in time. Clearing TF buffer.
[robot_state_publisher-2] [WARN] [1788088660.976654513] [robot_state_publisher]: Moved backwards in time, re-publishing joint transforms!
[move_group-5] [WARN] [1788088661.041152790] [tf2_buffer]: Detected jump back in time. Clearing TF buffer.
[move_group-5] [WARN] [1788088661.080419031] [tf2_buffer]: Detected jump back in time. Clearing TF buffer.
[move_group-5] [WARN] [1788088662.345026577] [tf2_buffer]: Detected jump back in time. Clearing TF buffer.
[move_group-5] [WARN] [1788088662.352355863] [tf2_buffer]: Detected jump back in time. Clearing TF buffer.
[move_group-5] [WARN] [1788088662.401006419] [tf2_buffer]: Detected jump back in time. Clearing TF buffer.
[move_group-5] [WARN] [1788088662.403757026] [tf2_buffer]: Detected jump back in time. Clearing TF buffer.
[move_group-5] [WARN] [1788088662.411923458] [tf2_buffer]: Detected jump back in time. Clearing TF buffer.
[move_group-5] [WARN] [1788088662.421821519] [tf2_buffer]: Detected jump back in time. Clearing TF buffer.
[move_group-5] [WARN] [1788088662.425685162] [tf2_buffer]: Detected jump back in time. Clearing TF buffer.
[move_group-5] [WARN] [1788088662.445833698] [tf2_buffer]: Detected jump back in time. Clearing TF buffer.
[move_group-5] [WARN] [1788088662.543836671] [tf2_buffer]: Detected jump back in time. Clearing TF buffer.
[move_group-5] [WARN] [1788088662.685302575] [tf2_buffer]: Detected jump back in time. Clearing TF buffer.
[move_group-5] [WARN] [1788088663.283721550] [tf2_buffer]: Detected jump back in time. Clearing TF buffer.
[move_group-5] [WARN] [1788088663.395410505] [tf2_buffer]: Detected jump back in time. Clearing TF buffer.
[move_group-5] [WARN] [1788088663.408087317] [tf2_buffer]: Detected jump back in time. Clearing TF buffer.
[move_group-5] [WARN] [1788088663.601134082] [tf2_buffer]: Detected jump back in time. Clearing TF buffer.
[move_group-5] [WARN] [1788088663.685197346] [tf2_buffer]: Detected jump back in time. Clearing TF buffer.
[move_group-5] [WARN] [1788088664.110975066] [tf2_buffer]: Detected jump back in time. Clearing TF buffer.
[move_group-5] [WARN] [1788088664.131303430] [tf2_buffer]: Detected jump back in time. Clearing TF buffer.
[move_group-5] [WARN] [1788088664.161637829] [tf2_buffer]: Detected jump back in time. Clearing TF buffer.
[move_group-5] [WARN] [1788088664.178150311] [tf2_buffer]: Detected jump back in time. Clearing TF buffer.
[move_group-5] [WARN] [1788088664.263717906] [tf2_buffer]: Detected jump back in time. Clearing TF buffer.
[move_group-5] [INFO] [1788088666.348876551] [move_group.moveit.moveit.ros.planning_scene_monitor]: Published update collision object
[move_group-5] [INFO] [1788088666.451093265] [move_group.moveit.moveit.ros.planning_scene_monitor]: Published update collision object
[move_group-5] [INFO] [1788088666.553099604] [move_group.moveit.moveit.ros.planning_scene_monitor]: Published update collision object
[move_group-5] [INFO] [1788088667.658484731] [move_group.moveit.moveit.ros.move_group.move_action]: MoveGroupMoveAction: Received request
[move_group-5] [INFO] [1788088667.658866059] [move_group.moveit.moveit.ros.move_group.move_action]: executing..
[move_group-5] [INFO] [1788088667.667785869] [move_group.moveit.moveit.ros.move_group.move_action]: Combined planning and execution request received for MoveGroup action. Forwarding to planning and execution pipeline.
[move_group-5] [WARN] [1788088667.667919100] [move_group.moveit.moveit.ros.move_group.capability]: Execution of motions should always start at the robot's current state. Ignoring the state supplied as difference in the planning scene diff
[move_group-5] [INFO] [1788088667.667950779] [move_group.moveit.moveit.ros.plan_execution]: Planning attempt 1 of at most 1
[move_group-5] [INFO] [1788088667.668030850] [move_group.moveit.moveit.ros.move_group.capability]: Using planning pipeline 'ompl'
[move_group-5] [INFO] [1788088667.668343699] [move_group]: Calling PlanningRequestAdapter 'ResolveConstraintFrames'
[move_group-5] [INFO] [1788088667.668406327] [move_group]: Calling PlanningRequestAdapter 'ValidateWorkspaceBounds'
[move_group-5] [WARN] [1788088667.668425192] [move_group.moveit.moveit.ros.validate_workspace_bounds]: It looks like the planning volume was not specified. Using default values.
[move_group-5] [INFO] [1788088667.668461371] [move_group]: Calling PlanningRequestAdapter 'CheckStartStateBounds'
[move_group-5] [INFO] [1788088667.668994524] [move_group.moveit.moveit.planners.ompl.model_based_planning_context]: Planner configuration 'arm[RRTConnectkConfigDefault]' will use planner 'geometric::RRTConnect'. Additional configuration parameters will be set when the planner is constructed.
[move_group-5] [INFO] [1788088667.669148364] [move_group]: Calling Planner 'OMPL'
[move_group-5] [INFO] [1788088667.672043073] [move_group]: Calling PlanningResponseAdapter 'AddTimeOptimalParameterization'
[move_group-5] [INFO] [1788088667.672595042] [move_group]: Calling PlanningResponseAdapter 'DisplayMotionPath'
[move_group-5] [INFO] [1788088667.672804025] [move_group.moveit.moveit.plugins.simple_controller_manager]: Returned 2 controllers in list
[move_group-5] [INFO] [1788088667.672852747] [move_group.moveit.moveit.plugins.simple_controller_manager]: Returned 2 controllers in list
[move_group-5] [INFO] [1788088667.672959057] [move_group.moveit.moveit.ros.trajectory_execution_manager]: Validating trajectory with allowed_start_tolerance 0.1
[move_group-5] [INFO] [1788088667.678124600] [move_group.moveit.moveit.ros.trajectory_execution_manager]: Starting trajectory execution ...
[move_group-5] [INFO] [1788088667.678257971] [move_group.moveit.moveit.plugins.simple_controller_manager]: Returned 2 controllers in list
[move_group-5] [INFO] [1788088667.678314577] [move_group.moveit.moveit.plugins.simple_controller_manager]: Returned 2 controllers in list
[move_group-5] [INFO] [1788088667.678560370] [moveit.simple_controller_manager.follow_joint_trajectory_controller_handle]: sending trajectory to arm_controller
[move_group-5] [INFO] [1788088667.679695697] [moveit.simple_controller_manager.follow_joint_trajectory_controller_handle]: arm_controller started execution
[move_group-5] [INFO] [1788088667.679718019] [moveit.simple_controller_manager.follow_joint_trajectory_controller_handle]: Goal request accepted!
[move_group-5] [WARN] [1788088667.688970656] [moveit.simple_controller_manager.follow_joint_trajectory_controller_handle]: Controller 'arm_controller' failed with error INVALID_GOAL: Current goal preempted by new incoming action.
[move_group-5] [WARN] [1788088667.689576406] [move_group.moveit.moveit.ros.trajectory_execution_manager]: Controller handle arm_controller reports status ABORTED
[move_group-5] [INFO] [1788088667.689617794] [move_group.moveit.moveit.ros.trajectory_execution_manager]: Completed trajectory execution with status ABORTED ...
[move_group-5] [INFO] [1788088667.698274729] [move_group.moveit.moveit.ros.move_group.move_action]: CONTROL_FAILED
[move_group-5] [WARN] [1788088667.698672838] [rclcpp_action]: publish_feedback() called on a goal handle not in executing state, ignoring
[move_group-5] [INFO] [1788088667.704826281] [move_group.moveit.moveit.ros.move_group.move_action]: MoveGroupMoveAction: Received request
[move_group-5] [INFO] [1788088667.705084758] [move_group.moveit.moveit.ros.move_group.move_action]: executing..
[move_group-5] [INFO] [1788088667.707633916] [move_group.moveit.moveit.ros.move_group.move_action]: Combined planning and execution request received for MoveGroup action. Forwarding to planning and execution pipeline.
[move_group-5] [WARN] [1788088667.707698628] [move_group.moveit.moveit.ros.move_group.capability]: Execution of motions should always start at the robot's current state. Ignoring the state supplied as difference in the planning scene diff
[move_group-5] [INFO] [1788088667.707720269] [move_group.moveit.moveit.ros.plan_execution]: Planning attempt 1 of at most 1
[move_group-5] [INFO] [1788088667.707791673] [move_group.moveit.moveit.ros.move_group.capability]: Using planning pipeline 'ompl'
[move_group-5] [INFO] [1788088667.707963667] [move_group]: Calling PlanningRequestAdapter 'ResolveConstraintFrames'
[move_group-5] [INFO] [1788088667.708009142] [move_group]: Calling PlanningRequestAdapter 'ValidateWorkspaceBounds'
[move_group-5] [WARN] [1788088667.708022217] [move_group.moveit.moveit.ros.validate_workspace_bounds]: It looks like the planning volume was not specified. Using default values.
[move_group-5] [INFO] [1788088667.708047264] [move_group]: Calling PlanningRequestAdapter 'CheckStartStateBounds'
[move_group-5] [INFO] [1788088667.708465772] [move_group.moveit.moveit.planners.ompl.model_based_planning_context]: Planner configuration 'arm[RRTConnectkConfigDefault]' will use planner 'geometric::RRTConnect'. Additional configuration parameters will be set when the planner is constructed.
[move_group-5] [INFO] [1788088667.708632616] [move_group]: Calling Planner 'OMPL'
[move_group-5] [INFO] [1788088667.720820597] [move_group]: Calling PlanningResponseAdapter 'AddTimeOptimalParameterization'
[move_group-5] [INFO] [1788088667.721240277] [move_group]: Calling PlanningResponseAdapter 'DisplayMotionPath'
[move_group-5] [INFO] [1788088667.721404236] [move_group.moveit.moveit.plugins.simple_controller_manager]: Returned 2 controllers in list
[move_group-5] [INFO] [1788088667.721451295] [move_group.moveit.moveit.plugins.simple_controller_manager]: Returned 2 controllers in list
[move_group-5] [INFO] [1788088667.721609723] [move_group.moveit.moveit.ros.trajectory_execution_manager]: Validating trajectory with allowed_start_tolerance 0.1
[move_group-5] [INFO] [1788088667.728651909] [move_group.moveit.moveit.ros.trajectory_execution_manager]: Starting trajectory execution ...
[move_group-5] [INFO] [1788088667.728785149] [move_group.moveit.moveit.plugins.simple_controller_manager]: Returned 2 controllers in list
[move_group-5] [INFO] [1788088667.728840764] [move_group.moveit.moveit.plugins.simple_controller_manager]: Returned 2 controllers in list
[move_group-5] [INFO] [1788088667.729002719] [moveit.simple_controller_manager.follow_joint_trajectory_controller_handle]: sending trajectory to arm_controller
[move_group-5] [INFO] [1788088667.730231432] [moveit.simple_controller_manager.follow_joint_trajectory_controller_handle]: arm_controller started execution
[move_group-5] [INFO] [1788088667.730253553] [moveit.simple_controller_manager.follow_joint_trajectory_controller_handle]: Goal request accepted!
[move_group-5] [WARN] [1788088667.794772509] [tf2_buffer]: Detected jump back in time. Clearing TF buffer.
[move_group-5] [INFO] [1788088668.281018208] [moveit.simple_controller_manager.follow_joint_trajectory_controller_handle]: Controller 'arm_controller' successfully finished
[move_group-5] [INFO] [1788088668.290473015] [move_group.moveit.moveit.ros.trajectory_execution_manager]: Completed trajectory execution with status SUCCEEDED ...
[move_group-5] [INFO] [1788088668.298841868] [move_group.moveit.moveit.ros.move_group.move_action]: Solution was found and executed.
[move_group-5] [WARN] [1788088668.298995918] [rclcpp_action]: publish_feedback() called on a goal handle not in executing state, ignoring
[move_group-5] [WARN] [1788088670.197262061] [tf2_buffer]: Detected jump back in time. Clearing TF buffer.
[move_group-5] [WARN] [1788088671.917534523] [tf2_buffer]: Detected jump back in time. Clearing TF buffer.
[move_group-5] [WARN] [1788088672.931423877] [tf2_buffer]: Detected jump back in time. Clearing TF buffer.
[move_group-5] [WARN] [1788088673.782917800] [tf2_buffer]: Detected jump back in time. Clearing TF buffer.
[move_group-5] [WARN] [1788088676.197294308] [tf2_buffer]: Detected jump back in time. Clearing TF buffer.
[move_group-5] [WARN] [1788088677.083623653] [tf2_buffer]: Detected jump back in time. Clearing TF buffer.
[move_group-5] [WARN] [1788088679.083991304] [tf2_buffer]: Detected jump back in time. Clearing TF buffer.
[move_group-5] [WARN] [1788088680.031450113] [tf2_buffer]: Detected jump back in time. Clearing TF buffer.
[move_group-5] [WARN] [1788088680.796201730] [tf2_buffer]: Detected jump back in time. Clearing TF buffer.
[move_group-5] [WARN] [1788088685.033244157] [tf2_buffer]: Detected jump back in time. Clearing TF buffer.
[move_group-5] [WARN] [1788088685.085216526] [tf2_buffer]: Detected jump back in time. Clearing TF buffer.
[move_group-5] [WARN] [1788088716.343598544] [tf2_buffer]: Detected jump back in time. Clearing TF buffer.
[move_group-5] [WARN] [1788088719.099610909] [tf2_buffer]: Detected jump back in time. Clearing TF buffer.
[move_group-5] [WARN] [1788088719.137516951] [tf2_buffer]: Detected jump back in time. Clearing TF buffer.
[move_group-5] [WARN] [1788088719.182135547] [tf2_buffer]: Detected jump back in time. Clearing TF buffer.
[robot_state_publisher-2] [WARN] [1788088720.491272361] [robot_state_publisher]: Moved backwards in time, re-publishing joint transforms!
[move_group-5] [WARN] [1788088720.799673580] [tf2_buffer]: Detected jump back in time. Clearing TF buffer.
[move_group-5] [WARN] [1788088721.180519604] [tf2_buffer]: Detected jump back in time. Clearing TF buffer.
[move_group-5] [WARN] [1788088721.279137815] [tf2_buffer]: Detected jump back in time. Clearing TF buffer.
[move_group-5] [WARN] [1788088721.286525962] [tf2_buffer]: Detected jump back in time. Clearing TF buffer.
[move_group-5] [WARN] [1788088721.318683052] [tf2_buffer]: Detected jump back in time. Clearing TF buffer.
[move_group-5] [WARN] [1788088721.988023795] [tf2_buffer]: Detected jump back in time. Clearing TF buffer.
[move_group-5] [WARN] [1788088722.266988997] [tf2_buffer]: Detected jump back in time. Clearing TF buffer.
[move_group-5] [WARN] [1788088723.800060126] [tf2_buffer]: Detected jump back in time. Clearing TF buffer.
[move_group-5] [WARN] [1788088727.078554800] [tf2_buffer]: Detected jump back in time. Clearing TF buffer.
[move_group-5] [WARN] [1788088727.141569123] [tf2_buffer]: Detected jump back in time. Clearing TF buffer.
[move_group-5] [WARN] [1788088727.146323412] [tf2_buffer]: Detected jump back in time. Clearing TF buffer.
[move_group-5] [WARN] [1788088727.894520829] [tf2_buffer]: Detected jump back in time. Clearing TF buffer.
[move_group-5] [WARN] [1788088729.486436793] [tf2_buffer]: Detected jump back in time. Clearing TF buffer.
[move_group-5] [INFO] [1788088729.891431252] [move_group.moveit.moveit.ros.planning_scene_monitor]: Published update collision object
[move_group-5] [INFO] [1788088729.993315320] [move_group.moveit.moveit.ros.planning_scene_monitor]: Published update collision object
[move_group-5] [INFO] [1788088730.095532997] [move_group.moveit.moveit.ros.planning_scene_monitor]: Published update collision object
[move_group-5] [INFO] [1788088731.200263492] [move_group.moveit.moveit.ros.move_group.move_action]: MoveGroupMoveAction: Received request
[move_group-5] [INFO] [1788088731.200535795] [move_group.moveit.moveit.ros.move_group.move_action]: executing..
[move_group-5] [INFO] [1788088731.204530394] [move_group.moveit.moveit.ros.move_group.move_action]: Combined planning and execution request received for MoveGroup action. Forwarding to planning and execution pipeline.
[move_group-5] [WARN] [1788088731.204628689] [move_group.moveit.moveit.ros.move_group.capability]: Execution of motions should always start at the robot's current state. Ignoring the state supplied as difference in the planning scene diff
[move_group-5] [INFO] [1788088731.204651382] [move_group.moveit.moveit.ros.plan_execution]: Planning attempt 1 of at most 1
[move_group-5] [INFO] [1788088731.204862058] [move_group.moveit.moveit.ros.move_group.capability]: Using planning pipeline 'ompl'
[move_group-5] [INFO] [1788088731.205129852] [move_group]: Calling PlanningRequestAdapter 'ResolveConstraintFrames'
[move_group-5] [INFO] [1788088731.205184004] [move_group]: Calling PlanningRequestAdapter 'ValidateWorkspaceBounds'
[move_group-5] [WARN] [1788088731.205196227] [move_group.moveit.moveit.ros.validate_workspace_bounds]: It looks like the planning volume was not specified. Using default values.
[move_group-5] [INFO] [1788088731.205219691] [move_group]: Calling PlanningRequestAdapter 'CheckStartStateBounds'
[move_group-5] [INFO] [1788088731.205588325] [move_group.moveit.moveit.planners.ompl.model_based_planning_context]: Planner configuration 'arm[RRTConnectkConfigDefault]' will use planner 'geometric::RRTConnect'. Additional configuration parameters will be set when the planner is constructed.
[move_group-5] [INFO] [1788088731.205707800] [move_group]: Calling Planner 'OMPL'
[move_group-5] [INFO] [1788088731.218484260] [move_group]: Calling PlanningResponseAdapter 'AddTimeOptimalParameterization'
[move_group-5] [INFO] [1788088731.219018695] [move_group]: Calling PlanningResponseAdapter 'DisplayMotionPath'
[move_group-5] [INFO] [1788088731.219196590] [move_group.moveit.moveit.plugins.simple_controller_manager]: Returned 2 controllers in list
[move_group-5] [INFO] [1788088731.219243108] [move_group.moveit.moveit.plugins.simple_controller_manager]: Returned 2 controllers in list
[move_group-5] [INFO] [1788088731.219348065] [move_group.moveit.moveit.ros.trajectory_execution_manager]: Validating trajectory with allowed_start_tolerance 0.1
[move_group-5] [INFO] [1788088731.224394975] [move_group.moveit.moveit.ros.trajectory_execution_manager]: Starting trajectory execution ...
[move_group-5] [INFO] [1788088731.224473463] [move_group.moveit.moveit.plugins.simple_controller_manager]: Returned 2 controllers in list
[move_group-5] [INFO] [1788088731.224564625] [move_group.moveit.moveit.plugins.simple_controller_manager]: Returned 2 controllers in list
[move_group-5] [INFO] [1788088731.224730347] [moveit.simple_controller_manager.follow_joint_trajectory_controller_handle]: sending trajectory to arm_controller
[move_group-5] [INFO] [1788088731.225601236] [moveit.simple_controller_manager.follow_joint_trajectory_controller_handle]: arm_controller started execution
[move_group-5] [INFO] [1788088731.225629279] [moveit.simple_controller_manager.follow_joint_trajectory_controller_handle]: Goal request accepted!
[move_group-5] [WARN] [1788088731.226580599] [moveit.simple_controller_manager.follow_joint_trajectory_controller_handle]: Controller 'arm_controller' failed with error INVALID_GOAL: Current goal preempted by new incoming action.
[move_group-5] [WARN] [1788088731.226633208] [move_group.moveit.moveit.ros.trajectory_execution_manager]: Controller handle arm_controller reports status ABORTED
[move_group-5] [INFO] [1788088731.226671130] [move_group.moveit.moveit.ros.trajectory_execution_manager]: Completed trajectory execution with status ABORTED ...
[move_group-5] [WARN] [1788088731.227381978] [tf2_buffer]: Detected jump back in time. Clearing TF buffer.
[move_group-5] [INFO] [1788088731.234537076] [move_group.moveit.moveit.ros.move_group.move_action]: CONTROL_FAILED
[move_group-5] [WARN] [1788088731.234737764] [rclcpp_action]: publish_feedback() called on a goal handle not in executing state, ignoring
[move_group-5] [INFO] [1788088731.240595570] [move_group.moveit.moveit.ros.move_group.move_action]: MoveGroupMoveAction: Received request
[move_group-5] [INFO] [1788088731.240830883] [move_group.moveit.moveit.ros.move_group.move_action]: executing..
[move_group-5] [INFO] [1788088731.244404409] [move_group.moveit.moveit.ros.move_group.move_action]: Combined planning and execution request received for MoveGroup action. Forwarding to planning and execution pipeline.
[move_group-5] [WARN] [1788088731.244476856] [move_group.moveit.moveit.ros.move_group.capability]: Execution of motions should always start at the robot's current state. Ignoring the state supplied as difference in the planning scene diff
[move_group-5] [INFO] [1788088731.244506872] [move_group.moveit.moveit.ros.plan_execution]: Planning attempt 1 of at most 1
[move_group-5] [INFO] [1788088731.244575471] [move_group.moveit.moveit.ros.move_group.capability]: Using planning pipeline 'ompl'
[move_group-5] [INFO] [1788088731.244758746] [move_group]: Calling PlanningRequestAdapter 'ResolveConstraintFrames'
[move_group-5] [INFO] [1788088731.244808610] [move_group]: Calling PlanningRequestAdapter 'ValidateWorkspaceBounds'
[move_group-5] [WARN] [1788088731.244824771] [move_group.moveit.moveit.ros.validate_workspace_bounds]: It looks like the planning volume was not specified. Using default values.
[move_group-5] [INFO] [1788088731.244854517] [move_group]: Calling PlanningRequestAdapter 'CheckStartStateBounds'
[move_group-5] [INFO] [1788088731.245186993] [move_group.moveit.moveit.planners.ompl.model_based_planning_context]: Planner configuration 'arm[RRTConnectkConfigDefault]' will use planner 'geometric::RRTConnect'. Additional configuration parameters will be set when the planner is constructed.
[move_group-5] [INFO] [1788088731.245285147] [move_group]: Calling Planner 'OMPL'
[move_group-5] [INFO] [1788088731.257829119] [move_group]: Calling PlanningResponseAdapter 'AddTimeOptimalParameterization'
[move_group-5] [INFO] [1788088731.258248579] [move_group]: Calling PlanningResponseAdapter 'DisplayMotionPath'
[move_group-5] [INFO] [1788088731.258387761] [move_group.moveit.moveit.plugins.simple_controller_manager]: Returned 2 controllers in list
[move_group-5] [INFO] [1788088731.258420021] [move_group.moveit.moveit.plugins.simple_controller_manager]: Returned 2 controllers in list
[move_group-5] [INFO] [1788088731.258517695] [move_group.moveit.moveit.ros.trajectory_execution_manager]: Validating trajectory with allowed_start_tolerance 0.1
[move_group-5] [INFO] [1788088731.264336698] [move_group.moveit.moveit.ros.trajectory_execution_manager]: Starting trajectory execution ...
[move_group-5] [INFO] [1788088731.264419594] [move_group.moveit.moveit.plugins.simple_controller_manager]: Returned 2 controllers in list
[move_group-5] [INFO] [1788088731.264471692] [move_group.moveit.moveit.plugins.simple_controller_manager]: Returned 2 controllers in list
[move_group-5] [INFO] [1788088731.264710442] [moveit.simple_controller_manager.follow_joint_trajectory_controller_handle]: sending trajectory to arm_controller
[move_group-5] [INFO] [1788088731.265549040] [moveit.simple_controller_manager.follow_joint_trajectory_controller_handle]: arm_controller started execution
[move_group-5] [INFO] [1788088731.265572775] [moveit.simple_controller_manager.follow_joint_trajectory_controller_handle]: Goal request accepted!
[move_group-5] [WARN] [1788088731.317882649] [tf2_buffer]: Detected jump back in time. Clearing TF buffer.
[move_group-5] [INFO] [1788088731.816003251] [moveit.simple_controller_manager.follow_joint_trajectory_controller_handle]: Controller 'arm_controller' successfully finished
[move_group-5] [INFO] [1788088731.824381251] [move_group.moveit.moveit.ros.trajectory_execution_manager]: Completed trajectory execution with status SUCCEEDED ...
[move_group-5] [INFO] [1788088731.834450785] [move_group.moveit.moveit.ros.move_group.move_action]: Solution was found and executed.
[move_group-5] [WARN] [1788088731.834539793] [rclcpp_action]: publish_feedback() called on a goal handle not in executing state, ignoring
[move_group-5] [WARN] [1788088734.340405713] [tf2_buffer]: Detected jump back in time. Clearing TF buffer.
[move_group-5] [WARN] [1788088736.801292177] [tf2_buffer]: Detected jump back in time. Clearing TF buffer.
[move_group-5] [WARN] [1788088737.319964684] [tf2_buffer]: Detected jump back in time. Clearing TF buffer.
[move_group-5] [WARN] [1788088737.327993437] [tf2_buffer]: Detected jump back in time. Clearing TF buffer.
[move_group-5] [WARN] [1788088737.986095064] [tf2_buffer]: Detected jump back in time. Clearing TF buffer.
[move_group-5] [WARN] [1788088738.075742239] [tf2_buffer]: Detected jump back in time. Clearing TF buffer.
[move_group-5] [WARN] [1788088740.836988566] [tf2_buffer]: Detected jump back in time. Clearing TF buffer.
[move_group-5] [WARN] [1788088741.801960762] [tf2_buffer]: Detected jump back in time. Clearing TF buffer.
[move_group-5] [WARN] [1788088744.868988959] [tf2_buffer]: Detected jump back in time. Clearing TF buffer.
[move_group-5] [WARN] [1788088745.992529531] [tf2_buffer]: Detected jump back in time. Clearing TF buffer.
[move_group-5] [WARN] [1788088748.902103538] [tf2_buffer]: Detected jump back in time. Clearing TF buffer.
[move_group-5] [WARN] [1788088751.007592581] [tf2_buffer]: Detected jump back in time. Clearing TF buffer.
[move_group-5] [WARN] [1788088751.802919049] [tf2_buffer]: Detected jump back in time. Clearing TF buffer.
[move_group-5] [WARN] [1788088753.136795671] [tf2_buffer]: Detected jump back in time. Clearing TF buffer.
[move_group-5] [WARN] [1788088754.213046619] [tf2_buffer]: Detected jump back in time. Clearing TF buffer.
[move_group-5] [WARN] [1788088754.691838598] [tf2_buffer]: Detected jump back in time. Clearing TF buffer.
[move_group-5] [WARN] [1788088755.916140445] [tf2_buffer]: Detected jump back in time. Clearing TF buffer.
[move_group-5] [WARN] [1788088756.773157996] [tf2_buffer]: Detected jump back in time. Clearing TF buffer.
[move_group-5] [WARN] [1788088758.202998322] [tf2_buffer]: Detected jump back in time. Clearing TF buffer.
[move_group-5] [WARN] [1788088758.579110064] [tf2_buffer]: Detected jump back in time. Clearing TF buffer.
[move_group-5] [WARN] [1788088758.579262341] [tf2_buffer]: Detected jump back in time. Clearing TF buffer.
[move_group-5] [WARN] [1788088758.885041615] [tf2_buffer]: Detected jump back in time. Clearing TF buffer.
[move_group-5] [WARN] [1788088760.841668081] [tf2_buffer]: Detected jump back in time. Clearing TF buffer.
[move_group-5] [WARN] [1788088760.848843167] [tf2_buffer]: Detected jump back in time. Clearing TF buffer.
[move_group-5] [WARN] [1788088760.918250364] [tf2_buffer]: Detected jump back in time. Clearing TF buffer.
[move_group-5] [WARN] [1788088761.032118590] [tf2_buffer]: Detected jump back in time. Clearing TF buffer.
[move_group-5] [WARN] [1788088761.108429221] [tf2_buffer]: Detected jump back in time. Clearing TF buffer.
[move_group-5] [WARN] [1788088761.122843553] [tf2_buffer]: Detected jump back in time. Clearing TF buffer.
[move_group-5] [WARN] [1788088761.139029911] [tf2_buffer]: Detected jump back in time. Clearing TF buffer.
[move_group-5] [WARN] [1788088761.766070211] [tf2_buffer]: Detected jump back in time. Clearing TF buffer.
[move_group-5] [WARN] [1788088762.692955705] [tf2_buffer]: Detected jump back in time. Clearing TF buffer.
[move_group-5] [WARN] [1788088762.966435682] [tf2_buffer]: Detected jump back in time. Clearing TF buffer.
[move_group-5] [WARN] [1788088762.996329973] [tf2_buffer]: Detected jump back in time. Clearing TF buffer.
[move_group-5] [WARN] [1788088763.742075785] [tf2_buffer]: Detected jump back in time. Clearing TF buffer.
[move_group-5] [WARN] [1788088765.076885352] [tf2_buffer]: Detected jump back in time. Clearing TF buffer.
